9.9356557277, 9.9356557277
10.0324815564, 10.0324815564
10.0324815564, 10.0324815564
10.0324815564, 10.0324815564
10.0324815564, 10.0324815564
10.0324815564, 10.0324815564
9.5639164054, 9.5639164054
10.0324815564, 10.0324815564
9.9661784055, 9.9661784055
9.9661784055, 9.9661784055
10.0324815564, 10.0324815564
9.4625380871, 9.4625380871
10.0324815564, 10.0324815564
9.9661784055, 9.9661784055
10.0627313161, 10.0627313161
9.9661784055, 9.9661784055
9.9661784055, 9.9661784055
9.9661784055, 9.9661784055
10.0627313161, 10.0627313161
9.9356557277, 9.954007573215
10.0324815564, 9.95884886465
10.0627313161, 9.960361352635
9.4625380871, 9.931864179169999
9.9356557277, 9.927022887735
9.5954027435, 9.90516894709
10.0324815564, 9.905168947089999
10.0324815564, 9.928597204639999
10.0627313161, 9.930109692624999
9.9356557277, 9.928583558734998
10.0627313161, 9.933411204264997
9.9661784055, 9.93009604672
10.0324815564, 9.958593220184998
9.4625380871, 9.93009604672
10.0324815564, 9.933411204265001
10.0324815564, 9.93189871628
10.0627313161, 9.93672636181
10.0324815564, 9.940041519355002
10.0627313161, 9.944869164885002
9.9661784055, 9.940041519355002
9.9661784055, 9.941567653245
9.9661784055, 9.938252495700002
10.0324815564, 9.936740007715
10.0324815564, 9.965237181180001
9.9356557277, 9.965237181180001
9.9356557277, 9.982249830390002
10.0627313161, 9.983762318375001
9.9356557277, 9.978921026940002
9.9661784055, 9.974093381410002
9.9356557277, 9.974093381410002
9.9356557277, 9.96773960199
9.5639164054, 9.947626501985003
9.9356557277, 9.942785210550001
9.9661784055, 9.967967226469998
9.9356557277, 9.963125935034999
10.0324815564, 9.963125935034999
9.9356557277, 9.956772155614999
10.0627313161, 9.958284643599999
9.9661784055, 9.95345699807
9.9661784055, 9.95345699807
9.9661784055, 9.95345699807
10.0324815564, 9.956772155615
10.0324815564, 9.956772155615003
9.9356557277, 9.951930864180003
9.9661784055, 9.953456998070001
10.0324815564, 9.958298289505
9.9356557277, 9.951944510085001
10.0627313161, 9.958298289505
10.0627313161, 9.963125935035002
9.4943385657, 9.941060076935
10.0324815564, 9.94590136837
10.0627313161, 9.970842113905
10.0627313161, 9.977195893325
10.0324815564, 9.98051105087
9.9661784055, 9.98203718476
10.0324815564, 9.98203718476
10.0627313161, 9.988390964179999
10.1157880865, 9.991043802699998
10.0324815564, 9.994358960244998
10.0324815564, 9.997674117790002
9.9356557277, 9.996147983900002
10.0324815564, 9.996147983900002
10.0627313161, 9.997660471885002
10.0627313161, 10.004014251305001
10.0324815564, 10.007329408850003
9.9661784055, 10.004014251305003
9.9661784055, 10.005540385195001
9.9356557277, 9.999186605775002
9.9661784055, 9.994358960245
10.1498287789, 10.027133470905001
10.0324815564, 10.027133470905001
9.9356557277, 10.020779691485
10.2321841173, 10.029252331544999
10.0324815564, 10.029252331545
9.4551368816, 10.003700255350001
10.0324815564, 10.003700255350003
9.5954027435, 9.980333826720003
10.0324815564, 9.976168500215001
10.0324815564, 9.976168500215
10.0627313161, 9.977680988200001
10.0627313161, 9.984034767619999
10.0251895304, 9.98367016632
10.0324815564, 9.982157678335
9.5639164054, 9.957216932799998
10.0627313161, 9.958729420785
10.0324815564, 9.96204457833
10.0324815564, 9.965359735875001
10.0627313161, 9.971713515294999
9.9356557277, 9.970187381405001
9.5639164054, 9.940891762729999
10.0627313161, 9.942404250715
10.0324815564, 9.94724554215
10.0324815564, 9.937260414105001
10.0324815564, 9.937260414105001
10.0324815564, 9.966127647845003
10.0324815564, 9.966127647845003
10.0324815564, 9.987981588490003
10.0324815564, 9.987981588490003
10.0627313161, 9.989494076475001
10.0324815564, 9.987981588490001
10.495090052, 10.009599525285003
10.0324815564, 10.009964126585002
10.0627313161, 10.011476614570002
10.0627313161, 10.036417360105002
10.0324815564, 10.034904872120002
9.5639164054, 10.011476614570002
10.1157880865, 10.015641941075001
10.0324815564, 10.01412945309
10.0324815564, 10.018970744525
9.9356557277, 10.03755771064
10.0627313161, 10.03755771064
9.5954027435, 10.015703769995001
10.5313023777, 10.040644811060002
10.1426925695, 10.046155361715
10.0324815564, 10.046155361715
9.9661784055, 10.042840204170002
10.0627313161, 10.044352692155002
9.4943385657, 10.01744554262
9.9356557277, 10.011091763200001
9.9356557277, 10.006250471765002
9.9356557277, 9.97827875555
9.9356557277, 9.973437464115001
9.9356557277, 9.967083684695002
9.9661784055, 9.962256039165002
9.4625380871, 9.933758865700002
9.4625380871, 9.928689949785001
9.3592474794, 9.89086291943
9.2862837799, 9.853553030605003
9.7833212219, 9.841095013879999
9.7988171531, 9.83425308515
9.8689514321, 9.824564090949998
9.0009806427, 9.794842985909998
8.0410621668, 9.670330975365
8.5189936712, 9.58914603045
10.0251895304, 9.58878142915
9.4625380871, 9.563599413230001
10.0251895304, 9.561722323945002
9.5639164054, 9.565201215930003
9.5954027435, 9.548188566720002
8.630860449, 9.482948802785002
8.1669175091, 9.394511891855
8.3096433955, 9.313211275245001
8.3450382719, 9.233680402455
8.6651801285, 9.168630488605
9.5639164054, 9.173699404520002
8.6232758468, 9.131736292505002
8.5308372344, 9.090315780255
9.0891385048, 9.0804585165
9.6867110399, 9.075628007400002
9.6867110399, 9.070022701740003
9.556513574, 9.054400808835002
8.7662959869, 9.042666576045
8.7662959869, 9.078928267050001
9.6867110399, 9.137314135485001
8.982737045, 9.085191511215001
9.5734007422, 9.090734643969999
9.6143968641, 9.070195010654999
10.0410585418, 9.094052117474998
10.1583989157, 9.122201926085001
10.6075071515, 9.221034261209999
10.2576666294, 9.325571717225
10.1967917881, 9.419929136855
9.6794986079, 9.486652153654997
10.0410585418, 9.555446074319999
10.1967917881, 9.587089843454999
9.6143968641, 9.636645894319997
10.2955261765, 9.724880341424997
10.1967917881, 9.780263005589998
10.1967917881, 9.805767042999998
10.1967917881, 9.83127108041
10.6588141976, 9.886386111589998
11.5875241644, 10.027447520464998
10.3334052572, 10.105802983979999
11.0876859989, 10.175851731929999
10.509932065, 10.252211482929999
10.9036623425, 10.318724562945
10.6223088084, 10.369120160159998
10.6223088084, 10.398182673489998
11.3579141857, 10.458158436989999
11.2482295482, 10.490194556825
11.5543531926, 10.555028884985
12.0096609944, 10.6456723453
11.5875241644, 10.741073623125
11.5543531926, 10.816738355665
10.1967917881, 10.816738355665002
11.5875241644, 10.915394720680002
12.0538522925, 11.003311026480002
12.9443426044, 11.140688567295001
11.5543531926, 11.20856663752
10.1426925695, 11.20586167659
11.2000392437, 11.232922928894999
12.0221389212, 11.254653666734999
12.0221389212, 11.339090349934997
12.0096609944, 11.385189099709997
12.0538522925, 11.462385111084998
12.2206381752, 11.528233902719998
12.0538522925, 11.599811076925
12.1703703202, 11.677214152515
12.0096609944, 11.70980149295
11.7609316315, 11.735436597115001
12.0538522925, 11.76041155211
11.4508266898, 11.73246983688
11.5543531926, 11.730811288289999
11.213826017, 11.713784929509998
10.739108848, 11.740900782504998
11.073714999, 11.715210324234999
10.6223088084, 11.643633150029999
11.0876859989, 11.550800319755002
10.0410585418, 11.475135587215002
10.509932065, 11.49349756199
10.0410585418, 11.435548526895001
10.0251895304, 11.335701057355001
10.0410585418, 11.236647038385003
10.0251895304, 11.137423465185002
9.556513574, 11.012556529260001
9.4551368816, 10.874281464580001
10.0799237304, 10.775585036475
9.2358647808, 10.628859759505001
8.5308372344, 10.454918571505
8.5308372344, 10.29341385165
8.061989569, 10.093820715475
7.5946776232, 9.901013262145
7.5946776232, 9.703029483675
7.5946776232, 9.522072063984997
7.129203398, 9.341576791484998
6.6658556037, 9.121183821719997
6.0866041904, 8.894398590819998
7.0253768817, 8.691283134959999
7.0006683752, 8.53926362663
7.5721538944, 8.392374718100001
8.061989569, 8.293421269460001
8.0488823435, 8.194605910115001
8.3096433955, 8.108035152800001
8.3020692872, 8.02187914064
9.1071691875, 7.999411921315
9.4625380871, 7.999781981589999
9.9283746192, 7.992204526029998
9.9356557277, 8.027194073375
10.0251895304, 8.101911688174999
10.4023359016, 8.195486621535
10.5021824327, 8.31749626472
9.9356557277, 8.434545169945
9.9661784055, 8.553120209060001
9.9283746192, 8.66980505886
10.0251895304, 8.814604365480001
10.0410585418, 8.983364512385
10.0410585418, 9.181087229954999
10.0251895304, 9.331077862389998
9.5639164054, 9.459240263899998
9.5639164054, 9.558828389449998
10.1498287789, 9.663220349945
10.0627313161, 9.763912798575
9.5954027435, 9.828200765975001
10.0324815564, 9.914721379435
10.0324815564, 9.960986997880001
9.9356557277, 9.984642879910002
10.0324815564, 9.98984822677
10.1498287789, 10.000556879330002
10.1498287789, 10.006788841755002
10.1498287789, 9.994163485620001
9.9661784055, 9.96736328426
10.0627313161, 9.973717063680002
9.5639164054, 9.953603963674999
10.0324815564, 9.958809310535
10.1498287789, 9.96504127296
10.0251895304, 9.96424782239
9.5954027435, 9.941965032475
10.0627313161, 9.943842121760001
9.9283746192, 9.96206503245
10.0324815564, 9.98549329
9.9356557277, 9.97478463744
9.9356557277, 9.968430858020001
9.5639164054, 9.966856541115002
9.5639164054, 9.943428283565002
10.1498287789, 9.94929564469
10.0251895304, 9.953772334825
9.9283746192, 9.948566987965
10.5313023777, 9.967640667905
10.0324815564, 9.96177330678
10.1426925695, 9.96141649631
9.9283746192, 9.959526306995
9.9356557277, 9.953172527575001
9.9356557277, 9.971759493690001
9.4551368816, 9.942892259950003
9.9356557277, 9.93218360739
10.0627313161, 9.934060696675001
9.9356557277, 9.951073345885
10.0324815564, 9.949560857900002
10.0251895304, 9.954401603460001
10.0251895304, 9.954037002160002
10.0251895304, 9.958513692295
10.0251895304, 9.962990382429998
9.9356557277, 9.981577348544999
10.0324815564, 10.005005606095
10.0324815564, 9.99913824497
10.0324815564, 9.999502846270001
10.0251895304, 10.004343591830002
10.1498287789, 9.985269911890004
10.0324815564, 9.985269911890004
9.9283746192, 9.974554014375002
10.0251895304, 9.979394759935001
10.1498287789, 9.990103412495003
10.1426925695, 10.000455254585003
9.9356557277, 10.024481196890004
10.0324815564, 10.029322488325004
10.0251895304, 10.027445399040005
10.1498287789, 10.038154051600003
10.1583989157, 10.044449919565002
10.0251895304, 10.044449919565002
10.0324815564, 10.044814520865001
9.9283746192, 10.039973775305002
9.556513574, 10.016539977485001
9.6794986079, 10.003732121495
10.1498287789, 10.00959948262
9.5639164054, 9.98617122507
10.0324815564, 9.98617122507
10.1498287789, 9.992403187495002
10.0251895304, 9.98617122507
10.0324815564, 9.98617122507
9.9283746192, 9.98617122507
9.9356557277, 9.981694534935
9.9356557277, 9.970985882375
10.0251895304, 9.965110730420001
10.5021824327, 9.993437065670001
10.0251895304, 9.993072464370004
10.1426925695, 9.998947616325001
10.0324815564, 9.9930802552
10.0324815564, 9.986784387235002
9.556513574, 9.963350589415
10.1498287789, 9.96921795054
10.0324815564, 9.9744232974
10.0324815564, 9.99822169652
10.0324815564, 10.015870843944999
10.0251895304, 10.00963888152
10.0251895304, 10.032702537770001
9.5639164054, 10.009274280220003
10.0251895304, 10.003042317795003
10.0251895304, 10.003042317795002
10.0324815564, 10.003042317795002
10.0324815564, 10.008247664655002
9.6867110399, 9.995800430265003
9.556513574, 9.97684332258
10.0251895304, 9.976843322580002
10.0627313161, 9.954870766750002
10.0324815564, 9.955235368050001
9.9283746192, 9.944519470535
10.0324815564, 9.944519470535003
10.0324815564, 9.944519470535003
10.0324815564, 9.968317869655001
9.9283746192, 9.957245161670002
10.1426925695, 9.962755712325002
10.1426925695, 9.968266262980004
9.5639164054, 9.944838005430002
10.0324815564, 9.945202606730001
10.0324815564, 9.945567208030003
10.1426925695, 9.974506016235
10.0324815564, 9.974870617535002
10.0324815564, 9.975235218835001
9.9283746192, 9.970029871975001
9.5639164054, 9.946601614425001
9.4625380871, 9.935392966784999
8.982737045, 9.906704140335
8.8996328604, 9.850426306835
8.423726886, 9.768476085329999
7.9485601526, 9.66428001514
8.0410621668, 9.56991439252
8.061989569, 9.471389793150001
7.7713120295, 9.358331316804998
8.0410621668, 9.258760347325
9.8908845186, 9.256885842295
9.8061853052, 9.24006047908
9.9356557277, 9.22970863699
9.8601166687, 9.244518650155001
9.3834288685, 9.212066015760001
9.4625380871, 9.183568842295
9.0009806427, 9.126483245955
8.5189936712, 9.050808851694999
8.5113340576, 8.974751476755
8.982737045, 8.927469598045
8.9902702885, 8.8987872922
9.0891385048, 8.880117313085
8.7777960708, 8.869870264375
8.7588530585, 8.862831274280001
8.1591846651, 8.849604163235
8.630860449, 8.883719178055
9.1295074665, 8.93814144304
8.5113340576, 8.960608667469998
8.3096433955, 8.987525235769999
9.0965885408, 9.040301554469998
10.0251895304, 9.047016805059998
9.5734007422, 9.035377576909998
10.0799237304, 9.042590977044998
10.2576666294, 9.06246847508
10.3334052572, 9.109967294514998
10.393450925, 9.15651293641
10.1583989157, 9.214383850059999
10.1583989157, 9.296354112284998
10.5468506323, 9.398129941019999
11.5875241644, 9.52836929699
11.3030079523, 9.64400618018
11.5376866494, 9.766433587409999
11.4842027607, 9.901753921905001
10.9798655675, 10.012804547355
11.5875241644, 10.184221522320001
11.5543531926, 10.330396159500001
12.0538522925, 10.476613400800002
12.0538522925, 10.653739312545001
10.509932065, 10.76375374602
9.9444191007, 10.806145274015
10.9728731889, 10.853529456939999
11.4715625671, 10.948437548185
12.0538522925, 11.047133976289999
11.9544692166, 11.131974105649999
11.9225091726, 11.211429301419997
12.0538522925, 11.294449369795
11.9099055924, 11.382024703629998
11.5411472692, 11.451162121305
11.4375014146, 11.495694660419998
11.4375014146, 11.48819352293
11.4508266898, 11.495584459805
11.5411472692, 11.495757490795
11.4842027607, 11.495757490795
11.9099055924, 11.54225949204
12.0164571784, 11.56370614274
12.3949174487, 11.605734355545
11.9225091726, 11.599167199550001
11.4375014146, 11.568349655655
11.9099055924, 11.638348332025
11.9225091726, 11.737252835620001
11.9099055924, 11.784104455795001
11.9167549215, 11.806364073515002
11.9099055924, 11.799166738510001
11.9225091726, 11.797568736310001
11.6626009007, 11.784573322715001
10.9658746049, 11.730174438335002
10.4095073337, 11.655154525400002
10.5021824327, 11.603206283575002
10.5021824327, 11.55644033448
10.4095073337, 11.505040630435001
10.495090052, 11.457253798545
9.9444191007, 11.377417390120002
9.9444191007, 11.300428207120003
9.9283746192, 11.201351658460002
9.9283746192, 11.096947530500001
9.4943385657, 10.95191858635
9.8527961661, 10.848432936025002
10.0251895304, 10.777817341815002
9.4625380871, 10.65544896655
9.3931048142, 10.52897874863
9.0009806427, 10.383532501145002
8.982737045, 10.236831607320001
8.061989569, 10.044435806150002
7.9697510683, 9.846797900935
7.4815464157, 9.637745176685
7.4969957957, 9.464301236225
7.5946776232, 9.3235597507
6.6395831014, 9.130429784135
6.6658556037, 8.938613442685
6.1767126443, 8.726973708215
6.5282978677, 8.528634098999998
7.4741556613, 8.40512092703
8.0410621668, 8.309953080334997
8.0488823435, 8.215978466550002
9.4625380871, 8.192686639945
9.9356557277, 8.214752498045002
10.0324815564, 8.223736767560002
9.5639164054, 8.20067311131
10.0251895304, 8.228805683474999
10.0251895304, 8.260409919285001
10.0324815564, 8.31198496497
10.0251895304, 8.36410758924
10.0251895304, 8.46226758731
10.0251895304, 8.565039510415001
10.4095073337, 8.711437556315001
10.4095073337, 8.857063133215002
9.9661784055, 8.97563817233
9.9356557277, 9.140441803645
10.0251895304, 9.30840849998
9.9356557277, 9.49635565415
10.0251895304, 9.671200237285
10.0324815564, 9.799116532040001
10.0324815564, 9.898687501520003
10.0627313161, 9.999379950150002
10.0627313161, 10.029389611600003
10.1797089452, 10.041592272475004
10.1498287789, 10.047459633600003
9.5639164054, 10.047459633600003
9.5639164054, 10.02439597735
9.6867110399, 10.007472052825
9.5639164054, 9.984043795275001
10.0324815564, 9.984408396575002
10.1426925695, 9.990283548530002
10.1583989157, 9.996944017795002
9.6867110399, 9.960804203105003
9.6794986079, 9.924303766815003
10.0251895304, 9.927254323060003
10.1426925695, 9.937606165150003
10.1426925695, 9.943481317105002
10.0324815564, 9.948322608540002
10.0410585418, 9.94911605911
10.6145484223, 9.978219402405
10.0324815564, 9.978219402405
9.556513574, 9.952908515299999
10.0251895304, 9.951031426014998
10.1498287789, 9.949537417699998
10.0251895304, 9.943305455274999
10.7460397933, 10.002411624669998
10.1797089452, 10.033201251659998
9.5639164054, 10.027061519935
10.2321841173, 10.06047490553
10.3166521469, 10.074683435055002
10.3166521469, 10.083381413925
9.8301974716, 10.06697134172
9.407594371, 10.053015508275001
9.5779479942, 10.047937977590003
9.407594371, 10.01705821962
10.0236931861, 10.011108250450002
9.8608117637, 9.997014210160001
10.0236931861, 9.996574791645001
9.6331949202, 9.976181610565
10.1756717267, 9.954237775785002
9.9935428898, 9.952290842455001
9.1357928485, 9.93125480618
8.9572884044, 9.877859749879999
9.5779479942, 9.849265710645001
9.5466319055, 9.825337829399999
9.407594371, 9.758415558284998
10.0767257182, 9.753266396934999
9.463868216, 9.748263987464998
9.8217850114, 9.727744032169998
9.8608117637, 9.704952013009997
10.6968810207, 9.723963456699998
10.4434945655, 9.754628311394999
10.2052493404, 9.794511059864998
8.9572884044, 9.763478080374997
9.5779479942, 9.771995761534999
10.0236931861, 9.771995761534999
10.4725700236, 9.802583674529998
10.0236931861, 9.802583674529998
10.0236931861, 9.822108587825
9.9935428898, 9.81300214598
10.4725700236, 9.836953502670001
10.3166521469, 9.89599646759
10.2870744189, 9.962485768315002
10.4434945655, 10.005763096879999
9.8301974716, 10.019941375185
9.8608117637, 10.042602244820003
9.8608117637, 10.031806547095002
10.3166521469, 10.074445743640002
10.2870744189, 10.097710214015
10.1498287789, 10.112161064774998
10.280029141, 10.091318470789998
10.1426925695, 10.07627837099
10.1426925695, 10.073150532445
10.1426925695, 10.1324207407
10.1426925695, 10.160657969465001
9.7178041167, 10.145363515995001
9.7178041167, 10.10762522065
9.6867110399, 10.09077611334
10.2870744189, 10.103945174980002
10.1498287789, 10.111759469435
10.1498287789, 10.095622407199999
10.1797089452, 10.088775247115
10.0324815564, 10.07604560399
10.1498287789, 10.061362314659998
10.1426925695, 10.076987069554999
10.0324815564, 10.08557055919
10.0324815564, 10.094154048825002
10.1426925695, 10.085456069955004
9.4625380871, 10.044229253365001
10.0324815564, 10.038361892240001
10.1426925695, 10.031495063665002
10.6075071515, 10.054735792765001
10.0324815564, 10.049225242110001
9.9356557277, 10.03887340002
10.0251895304, 10.032998248064999
10.4095073337, 10.067583408914999
10.4095073337, 10.102168569765
9.9661784055, 10.116141938045
10.1157880865, 10.107577621425001
9.9661784055, 10.098395102755001
9.5954027435, 10.070673800985002
9.556513574, 10.039514032425
9.556513574, 10.015715633305
8.630860449, 9.93976721681
8.0410621668, 9.834685696675
7.5946776232, 9.712795500015
7.0253768817, 9.562440266280001
7.4045021237, 9.425530743990002
7.9485601526, 9.349831847265
9.4625380871, 9.321334673800001
9.4943385657, 9.288916973610002
9.0234792674, 9.209715579405
8.0854077114, 9.112361887155
8.1502116543, 9.023089683485
8.6175422308, 8.952707318504999
9.0821186432, 8.886337883979998
8.6232758468, 8.797026309634997
8.7588530585, 8.736660042285
9.0891385048, 8.6853275632
9.2181136818, 8.647924327015001
9.6794986079, 8.652129120235001
9.6794986079, 8.65827837193
8.7662959869, 8.618767492575001
8.7662959869, 8.62553926947
9.7178041167, 8.709376366965
8.630860449, 8.761185508255
9.0965885408, 8.86474609121
8.9902702885, 8.94403449945
9.5734007422, 9.02527652893
10.0251895304, 9.053409101095001
10.4174287307, 9.099563609345001
10.5468506323, 9.175732177590001
11.0149995284, 9.32221176844
10.7168494666, 9.450543659054999
10.9798655675, 9.568659825889998
12.0538522925, 9.717246508354998
11.4842027607, 9.860292854049996
11.1778781886, 9.981244110554996
10.8470929377, 10.069141832199998
11.3030079523, 10.173386545724998
10.6588141976, 10.222352325209998
10.4174287307, 10.259248831349998
11.0876859989, 10.375318331950002
11.7084930969, 10.52242818745
11.3030079523, 10.601688379230001
10.8470929377, 10.712500003665
11.1224564701, 10.813793400129999
11.5411472692, 10.941337249164999
12.0096609944, 11.063150261775
11.8013784199, 11.151959706250002
10.7897861814, 11.170577578785
10.1498287789, 11.150726486115001
9.6507896755, 11.082515993470004
10.0324815564, 11.048297597960001
10.1426925695, 11.006438948060001
10.6223088084, 10.934861773855001
10.495090052, 10.885406138419999
11.073714999, 10.88019797894
10.9798655675, 10.88683661043
10.6223088084, 10.852801653235
12.1389611887, 10.92680900279
12.1703703202, 11.014456082265
12.1046077198, 11.065302168310001
12.1703703202, 11.088396029475
12.6819337043, 11.157342317075
12.9494630205, 11.262460821214999
13.0695541458, 11.359815704999999
13.5364672622, 11.459581704649997
14.0043424269, 11.559315776275
12.9606798603, 11.617280848295
12.4909584536, 11.702339461905
12.0221389212, 11.795954969019999
12.0164571784, 11.914238344165
12.0164571784, 12.013437125265
12.0164571784, 12.107125355709996
10.9728731889, 12.124653574735
11.5480192089, 12.177300032579998
10.5021824327, 12.148723404264999
10.0251895304, 12.10098960241
9.9444191007, 12.067095117025001
10.0251895304, 11.96140653411
9.9356557277, 11.849670804484997
9.556513574, 11.722266097195
8.982737045, 11.562884433434998
8.982737045, 11.37792460047
8.982737045, 11.179588301694999
8.5308372344, 10.952652456125
8.8996328604, 10.720810736035
8.0410621668, 10.42264672303
8.0410621668, 10.176665838355
7.0253768817, 9.90338675976
7.4741556613, 9.675987596765001
7.5721538944, 9.453772432565
7.129203398, 9.209409743545
6.1767126443, 8.917422516840002
6.1767126443, 8.67761448961
6.1767126443, 8.40904916138
6.6480347472, 8.216341777105002
7.5801531178, 8.094089956475
7.5801531178, 7.975876657330001
8.0488823435, 7.877061297985
7.9564864218, 7.77810283269
9.0234792674, 7.75145111736
9.9661784055, 7.800623185385
9.9356557277, 7.848269119519999
10.0627313161, 7.902268833075
10.1498287789, 7.9832184103
10.0324815564, 8.039860845099998
9.9444191007, 8.135028691794998
10.8911342853, 8.277532297719999
9.9444191007, 8.42348440867
10.4023359016, 8.569893420685002
10.4095073337, 8.71176109265
10.0324815564, 8.856925000570001
10.0251895304, 9.049348844875002
10.0251895304, 9.24177268918
10.1426925695, 9.44007168544
9.6794986079, 9.591644878475
9.2254364558, 9.673909045375002
10.1498287789, 9.802392828430001
10.1426925695, 9.907083339730002
10.1498287789, 10.016750457585001
10.0627313161, 10.06871306002
10.1797089452, 10.079389587005002
10.0324815564, 10.084230878440001
10.1426925695, 10.08822894111
10.1498287789, 10.088228941110001
9.556513574, 10.064430541990001
8.982737045, 10.016346439205003
10.509932065, 9.997286328190002
10.0251895304, 10.001324849675001
10.1498287789, 9.988699493540002
10.0251895304, 9.969483603375002
10.0251895304, 9.969119002075
9.9356557277, 9.96464231194
10.0324815564, 9.96500691324
10.6433410027, 9.990039334900002
10.0324815564, 10.007688482325003
9.6794986079, 10.030391589930002
9.4625380871, 9.996027055340003
10.0324815564, 9.990516504685
10.0251895304, 9.984284542260001
9.5639164054, 9.959343796725
10.1426925695, 9.957492977939998
10.0251895304, 9.95712837664
10.0324815564, 9.951617825985
10.0627313161, 9.947262952845001
9.9283746192, 9.965856005105001
10.1498287789, 10.024210591800003
10.0251895304, 9.999973465070003
9.9283746192, 9.99513271951
10.0324815564, 9.989265358385001
10.0324815564, 9.989629959685
10.1498287789, 9.99586192211
9.5639164054, 9.977274955995
9.4625380871, 9.948777782530001
9.5639164054, 9.894806552665
10.0251895304, 9.894441951365
10.0324815564, 9.91209109879
10.5021824327, 9.964073316070001
9.4943385657, 9.937166166535004
9.9356557277, 9.9326894764
10.0324815564, 9.95611773395
10.0324815564, 9.950607183295
10.0324815564, 9.950971784595
10.0324815564, 9.950971784595
10.0251895304, 9.94909469531
9.4551368816, 9.92543280843
10.0324815564, 9.919565447305
9.9661784055, 9.916614891059998
9.9661784055, 9.918505080375
10.0324815564, 9.918505080375
9.9356557277, 9.913663788940001
10.0324815564, 9.907796427815
10.0627313161, 9.93273717335
9.4943385657, 9.934327197280002
9.9356557277, 9.952914163395
10.0251895304, 9.952914163395002
10.0324815564, 9.952914163395
10.0324815564, 9.929429119580002
10.0251895304, 9.955971667815001
10.0324815564, 9.960812959250001
10.0324815564, 9.96081295925
10.0324815564, 9.96081295925
9.9356557277, 9.955971667815
10.0251895304, 9.955607066515
10.0324815564, 9.955971667815
9.5639164054, 9.961410644005
10.0197629757, 9.96077471497
10.1967917881, 9.9723053841
10.1498287789, 9.981487902770002
10.0324815564, 9.981487902770002
10.0324815564, 9.986329194205002
10.5021824327, 10.009814238020002
9.9356557277, 10.003460458600001
10.0251895304, 10.030003006835003
10.495090052, 10.057974723050002
9.9283746192, 10.053133977490003
9.9283746192, 10.047928630630002
9.4625380871, 10.019431457165002
10.0324815564, 10.019796058465001
10.0251895304, 10.019431457165002
9.9356557277, 10.01459016573
10.0410585418, 10.015019014999998
9.556513574, 9.996061907315
10.0324815564, 9.996426508614999
10.0324815564, 9.996426508614999
9.6867110399, 10.00256624034
10.0627313161, 10.004714657360001
9.6867110399, 9.979210619950003
10.0251895304, 9.972978657525001
10.0324815564, 9.972978657525001
9.9356557277, 9.96813736609
10.6145484223, 9.97375566557
9.6867110399, 9.96130843118
10.0251895304, 9.961308431179999
10.0324815564, 9.9381780064
10.0324815564, 9.943383353260003
9.5639164054, 9.92516044257
10.0324815564, 9.953657616035
9.5639164054, 9.930229358485002
10.0324815564, 9.930593959785002
9.5639164054, 9.912006993670001
10.0324815564, 9.911578144400002
10.0251895304, 9.935011942220001
10.0324815564, 9.935011942220001
10.0324815564, 9.935011942220001
10.0627313161, 9.953812956030001
9.5954027435, 9.930446527400001
9.4625380871, 9.91923787976
9.0891385048, 9.87243532848
9.9283746192, 9.86722998162
9.4722268575, 9.84405853811
8.423726886, 9.734517461294999
7.8657467795, 9.643469248275
7.8657467795, 9.535497110729999
7.8657467795, 9.427160371885
8.3449120451, 9.34278189632
8.8055953149, 9.304865841795001
9.4722268575, 9.27685310685
8.5113340576, 9.224223989460002
8.8479956442, 9.164999693850001
9.3592474794, 9.154766247550002
8.9072181089, 9.098503075175001
8.9902702885, 9.046757113080002
8.982737045, 8.99426988751
9.9444191007, 8.989866764724999
9.9444191007, 8.983951153955001
10.0410585418, 9.006233943869997
9.4722268575, 9.006718382389998
10.0251895304, 9.05352093367
9.6961669303, 9.041910549225
9.5734007422, 9.046969243459998
9.556513574, 9.10360857786
9.0891385048, 9.164778164125
10.0197629757, 9.272478973935002
9.5954027435, 9.358961772135
9.556513574, 9.419541848580002
9.5734007422, 9.457932119945003
10.2955261765, 9.499097085895
10.1583989157, 9.581450328799999
10.0410585418, 9.641103473680001
10.1583989157, 9.681061045495
10.1967917881, 9.745539729455
10.6223088084, 9.827141655450001
10.5021824327, 9.903113924835
10.1426925695, 9.913027598275
10.1583989157, 9.923726589025001
10.1583989157, 9.92959360772
10.5468506323, 9.98332479646
10.7897861814, 10.02155462901
11.5875241644, 10.116122490714998
11.1224564701, 10.19357527711
10.3334052572, 10.23241986127
10.7897861814, 10.317452245099998
11.1224564701, 10.372586919819998
10.9798655675, 10.441810061019998
11.0876859989, 10.518368682264999
10.9036623425, 10.58488176228
11.2482295482, 10.632516930864998
11.8142937715, 10.715311673654998
11.7084930969, 10.798683401409999
10.7537013298, 10.828448522115
10.7537013298, 10.856293999199998
10.1583989157, 10.833098504564997
10.1498287789, 10.815480821875
10.739108848, 10.845301635799999
10.7537013298, 10.875066756504998
10.6054786379, 10.897420742614997
10.1583989157, 10.877998156784997
10.1426925695, 10.845643476189998
10.280029141, 10.780268725019997
11.5543531926, 10.801863561144998
12.0221389212, 10.886300244344998
12.1389611887, 10.953758994709998
11.7084930969, 10.983060826050002
11.5875241644, 11.013443755895
12.1046077198, 11.064289841939999
12.6037099975, 11.149292224689999
12.0221389212, 11.18798769334
11.7084930969, 11.18269765961
12.0538522925, 11.199965619390001
12.1703703202, 11.27079906891
12.1389611887, 11.340062061854997
12.1703703202, 11.44066063208
12.1703703202, 11.541687709144998
11.7084930969, 11.59015692159
12.0096609944, 11.652954904819996
11.675643712, 11.706463158524997
10.7897861814, 11.738032521809998
11.0876859989, 11.785282193279999
11.0876859989, 11.825665036174998
11.073714999, 11.801633126495002
10.6223088084, 11.731641620855
9.9356557277, 11.621476347805
10.1583989157, 11.543971638745
9.6794986079, 11.448570360920002
9.6794986079, 11.327314905325
9.556513574, 11.17495508415
8.6232758468, 11.005011930429998
8.9902702885, 10.86910079001
9.0891385048, 10.720865100624998
8.6232758468, 10.543510376955
8.0410621668, 10.338615425859999
7.5721538944, 10.108704604569999
8.0410621668, 9.902239196900002
7.5801531178, 9.695822197944999
8.1591846651, 9.503298381479997
6.8070163111, 9.259867011434999
6.6658556037, 9.053670482549999
6.2709664175, 8.81283450348
6.7266611465, 8.594783260860002
8.061989569, 8.44419698936
7.7050821936, 8.298335658620001
7.7050821936, 8.186806981915002
7.1130792277, 8.034540997515002
8.0488823435, 7.9530101842950005
8.5113340576, 7.894601956779999
9.3759825309, 7.8855754046249995
9.9444191007, 7.95163256732
10.9122906821, 8.047733587
10.366790198, 8.11161617166
9.8371100843, 8.172307883535002
9.8908845186, 8.264799001124999
9.4551368816, 8.358948150485
10.0324815564, 8.458519119965
10.0251895304, 8.580770940594999
9.0965885408, 8.62764113438
9.0965885408, 8.742119745865
10.0627313161, 8.911963531484998
10.0324815564, 9.100039288429999
10.1426925695, 9.27084085958
10.1426925695, 9.374876009605
10.0324815564, 9.491245977744999
10.0627313161, 9.609128433870001
10.6433410027, 9.78564152262
10.1498287789, 9.89068884439
10.1498287789, 9.972613580454999
9.9661784055, 10.002123374185
9.5639164054, 9.983098239419999
9.4625380871, 9.91061060967
9.5954027435, 9.872041236944998
10.0324815564, 9.881809810550001
10.1498287789, 9.894757023565
10.0324815564, 9.923624257305
10.0627313161, 9.925136745290002
10.0627313161, 9.927013834575002
10.0324815564, 9.973808485355004
9.9283746192, 10.015397789275001
9.9356557277, 10.009044009855
9.9356557277, 10.00420271842
9.4943385657, 9.97178501823
10.0251895304, 9.965909866275002
10.0251895304, 9.965545264975
10.1426925695, 9.969543327644999
10.0251895304, 9.938635754029999
9.556513574, 9.908969993784998
10.0324815564, 9.903102632659998
9.5954027435, 9.88456384956
10.1498287789, 9.913859468235
10.1498287789, 9.948224002825
9.9356557277, 9.965236652035001
10.0251895304, 9.964872050735
10.0324815564, 9.959004689610001
10.0324815564, 9.959004689610001
9.9356557277, 9.952650910190004
9.5639164054, 9.927710164655002
10.0324815564, 9.927710164655002
10.0324815564, 9.932915511515002
9.9444191007, 9.933353680165002
10.6223088084, 9.967686334200001
9.9356557277, 9.989752192300003
10.0251895304, 9.989752192300001
10.0251895304, 9.9897521923
10.0324815564, 9.984241641645001
10.0324815564, 9.984606242945
10.0324815564, 10.008404642064999
10.1426925695, 10.01391519272
9.9356557277, 10.030927841930001
10.1426925695, 10.030571031460003
10.0324815564, 10.024703670335002
9.4625380871, 10.001047788305002
10.4095073337, 10.02026367847
9.9283746192, 10.01505833161
9.556513574, 9.99125993249
10.0251895304, 9.995736622625
9.9283746192, 10.013959533315
10.0251895304, 10.013594932015002
10.0324815564, 10.013594932015002
9.9283746192, 10.012792707940001
10.0251895304, 9.98293674404
10.0324815564, 9.987778035475003
10.0324815564, 9.988142636775002
10.0324815564, 9.988507238075002
10.1498287789, 9.9943745992
9.9283746192, 9.98916925234
10.0324815564, 9.98916925234
10.0324815564, 9.983658701684998
9.9356557277, 9.983658701684998
10.0324815564, 9.978148151030002
10.0324815564, 9.978148151030002
9.556513574, 9.982846925375004
9.9356557277, 9.959154345075003
9.9283746192, 9.959154345075005
10.0324815564, 9.982952744195002
10.5021824327, 10.006802389310002
10.0251895304, 10.01164313487
9.556513574, 9.98820933705
9.9283746192, 9.98300399019
10.0324815564, 9.98820933705
10.0324815564, 9.98857393835
10.0251895304, 9.988209337050002
9.5639164054, 9.964781079500002
10.0251895304, 9.9644164782
9.5639164054, 9.935120859525
10.0324815564, 9.940326206385
10.0324815564, 9.940326206385
10.0627313161, 9.94183869437
9.9283746192, 9.941474638945001
9.9356557277, 9.936633347510002
10.0324815564, 9.936633347510002
10.0251895304, 9.960067145330001
10.0251895304, 9.964543835465003
9.9283746192, 9.964543835465005
9.9356557277, 9.959702544030002
9.5639164054, 9.912789242665001
10.0324815564, 9.913153843965
10.1426925695, 9.94246279374
9.9283746192, 9.94246279374
10.0324815564, 9.94246279374
10.0251895304, 9.942098192440001
9.9356557277, 9.937621502305001
10.0251895304, 9.960685158555
9.9356557277, 9.95620846842
10.1498287789, 9.985504087095002
10.0251895304, 9.985139485795
10.0324815564, 9.985139485795
10.0324815564, 9.983626997810001
10.0324815564, 9.988832344670001
10.0251895304, 9.993309034805
10.0251895304, 9.992944433504999
9.9356557277, 9.988467743369998
10.1426925695, 9.994342895325
10.0324815564, 9.999548242185
10.0251895304, 10.004024932320002
10.0627313161, 10.028965677855004
9.9356557277, 10.024124386420002
10.4174287307, 10.037861194480001
9.9283746192, 10.037861194480001
9.9356557277, 10.033019903045002
9.7744002507, 10.020480439060002
9.9356557277, 10.020480439060002
8.982737045, 9.968357814790002
9.0891385048, 9.926031953645001
8.1591846651, 9.826499747955001
8.0410621668, 9.727293379775002
8.1591846651, 9.633628535210002
8.061989569, 9.535103935840002
7.9485601526, 9.430907865650003
7.9485601526, 9.327076396760003
8.982737045, 9.274953772489999
8.8817370176, 9.222257836985003
8.9412959849, 9.162188007755002
7.8898133628, 9.055054598075003
8.9999093601, 9.003790589560001
8.8817370176, 8.944740874635002
9.9356557277, 8.944740874635002
9.7366463225, 8.910701754225002
8.6884427753, 8.84870516203
8.760596736, 8.789952212445002
8.6425457881, 8.733359489315001
10.0324815564, 8.73820078075
9.6867110399, 8.773399480495
9.6794986079, 8.802917485650003
9.2181136818, 8.855863936485001
9.9356557277, 8.950593614530002
9.9356557277, 9.03941716766
9.9661784055, 9.134626609485
9.5954027435, 9.216968739029998
9.0965885408, 9.274370158439998
9.4551368816, 9.29799015027
9.9356557277, 9.350686085775
10.0324815564, 9.405245364349998
9.556513574, 9.488580374909999
10.0410585418, 9.540637833995
10.0410585418, 9.598603910205
10.0410585418, 9.60387405091
10.1426925695, 9.624176363259998
10.6223088084, 9.720869664914998
10.0324815564, 9.784463905934999
10.0251895304, 9.853596093049998
10.4518156705, 9.874562798754997
10.1426925695, 9.897361875235001
11.073714999, 9.967072694790001
11.0876859989, 10.060551310645
10.7537013298, 10.10145359075
11.0876859989, 10.159055104310001
11.2000392437, 10.22074814622
11.073714999, 10.294663758995
12.0221389212, 10.440941278015
11.5543531926, 10.545902093565
11.213826017, 10.60981060803
11.5411472692, 10.68524389367
11.669475759, 10.79089200292
12.0164571784, 10.889661934749999
10.9728731889, 10.936252667105
11.0806684221, 10.988233161120002
10.0324815564, 10.982722610465002
10.1797089452, 10.960592617305002
10.5313023777, 10.985533658370002
10.5021824327, 11.009383303485002
10.6075071515, 11.017167877535002
11.5480192089, 11.087434209505
11.073714999, 11.087434209505
11.073714999, 11.08673565951
11.6626009007, 11.132180638054999
12.5919714171, 11.207394908965
12.4858395481, 11.271684924185
12.1267039846, 11.324334373465
12.1389611887, 11.330175486839998
12.133413429, 11.359128498659999
12.1389611887, 11.405385257245
12.1267039846, 11.434663093014999
12.1267039846, 11.457524504294998
12.0096609944, 11.457184695094998
11.5411472692, 11.48559839911
11.669475759, 11.515038765955
11.5480192089, 11.59081564858
10.6145484223, 11.612557622435
10.7746046577, 11.624722736435
10.1797089452, 11.608599062059998
10.5021824327, 11.603332826119999
10.1498287789, 11.53342330462
10.0324815564, 11.48136163249
10.0251895304, 11.428935359059999
10.0324815564, 11.347429391844999
10.0324815564, 11.219454898809998
10.1498287789, 11.10265436035
9.9356557277, 10.993101947505
10.0627313161, 10.889290453875
9.4943385657, 10.75733671071
9.5639164054, 10.628584471545
9.556513574, 10.500074951015
8.9902702885, 10.34325326621
8.5189936712, 10.168719900049998
8.0410621668, 9.993715644929999
8.5189936712, 9.836191540540002
7.8907937243, 9.65333026631
8.0410621668, 9.524655953535001
8.0410621668, 9.38797882899
7.9485601526, 9.276421389360001
8.0488823435, 9.1537563849
8.1669175091, 9.054610821410002
7.5721538944, 8.931594438310002
7.5721538944, 8.808942656510002
7.5721538944, 8.68592627341
7.482275855, 8.55841598834
8.0488823435, 8.453368666570002
8.4315652195, 8.378164141160001
8.4315652195, 8.29660583633
8.982737045, 8.271025760295
9.4625380871, 8.265956844380002
9.4625380871, 8.261258070035002
10.0324815564, 8.313368633430002
10.1797089452, 8.396404397130002
9.9356557277, 8.491134075175001
10.4023359016, 8.585301186695002
11.4508266898, 8.76330283497
10.9798655675, 8.910243005004999
10.509932065, 9.033686499915001
10.1426925695, 9.143393120759999
10.0251895304, 9.242208480104999
10.1426925695, 9.340997233124998
10.0251895304, 9.463649014924998
10.0324815564, 9.586665398025
9.5639164054, 9.686253523574997
9.7178041167, 9.798029936659997
10.2321841173, 9.907195025349997
10.1498287789, 9.993108203319998
9.5639164054, 10.049725762615001
10.1498287789, 10.10808034931
10.1426925695, 10.142088073430001
10.0324815564, 10.170585246894998
10.0627313161, 10.172097734880001
10.0324815564, 10.164736365439998
10.1426925695, 10.175088207529999
9.556513574, 10.13279709115
10.0410585418, 10.062308683749999
10.0251895304, 10.014574881894998
10.0251895304, 9.990337755165001
10.1498287789, 9.990694565635
10.0251895304, 9.990694565635
10.0324815564, 9.985184014979998
10.0324815564, 9.98554861628
10.1426925695, 9.991059166934999
10.1498287789, 10.02035478561
10.0324815564, 10.036088657594998
10.1426925695, 10.031614080205
9.6867110399, 10.008458193254999
10.0324815564, 10.031886450805
10.0251895304, 10.025654488380003
10.1426925695, 10.025654488380003
10.0324815564, 10.025654488380003
10.5021824327, 10.047627044210003
10.0324815564, 10.047627044210003
10.0324815564, 10.042116493555003
9.5639164054, 10.042486635125002
9.9283746192, 10.036852438995002
9.556513574, 10.013418641175
10.0251895304, 10.013418641174999
10.1498287789, 10.013418641175
10.0324815564, 10.013783242475
10.0251895304, 10.013418641174999
10.0324815564, 10.013418641174999
10.0251895304, 10.00754348922
9.9283746192, 9.996470781235
10.0251895304, 9.996106179935001
10.0324815564, 9.990595629280001
10.0324815564, 10.007884155105002
10.0251895304, 10.007519553805
10.0251895304, 10.007519553805
9.5639164054, 9.978580745600002
10.0324815564, 9.978580745600002
9.9356557277, 9.950254410350002
10.0324815564, 9.950254410350002
10.495090052, 9.973384835130002
10.0324815564, 9.996813092680004
10.0324815564, 10.002018439540002
9.9283746192, 10.020611491800002
10.0324815564, 10.020976093100002
10.0251895304, 10.014744130675002
10.0251895304, 10.014379529375
10.0251895304, 10.014379529375002
10.0324815564, 10.014379529375002
9.9356557277, 10.009902839240002
10.0324815564, 10.0151081861
10.0251895304, 10.015108186100003
10.0251895304, 10.014743584800001
10.0324815564, 10.014743584800001
9.556513574, 9.99130978698
10.0324815564, 9.99167438828
10.0324815564, 10.01510264583
9.5639164054, 9.99167438828
10.1498287789, 10.00238304084
10.0324815564, 10.00238304084
9.9356557277, 9.974411324625004
10.0251895304, 9.974046723325003
10.1498287789, 9.979914084450002
10.0251895304, 9.984754830010003
10.0410585418, 9.985183679280004
9.556513574, 9.961749881460005
9.5639164054, 9.938686225210002
9.5639164054, 9.915622568960002
9.9356557277, 9.910781277525002
9.5639164054, 9.892194311410002
10.0324815564, 9.892194311410002
10.1498287789, 9.898426273835
10.0251895304, 9.898426273835002
10.0324815564, 9.898426273835002
9.9356557277, 9.91738338152
10.5021824327, 9.940868425335001
10.0324815564, 9.940868425335001
10.0251895304, 9.963932081585002
10.4388658254, 9.978383933910003
10.4095073337, 9.997235222775002
10.8911342853, 10.045009150655002
10.4023359016, 10.063866469215
10.509932065, 10.081871633519999
9.556513574, 10.0584378357
9.0965885408, 10.01121433565
8.202896845, 9.9435334992
9.1295074665, 9.921813052255
9.4625380871, 9.916744136340002
9.6867110399, 9.904296901950001
9.2181136818, 9.887006765770002
8.6232758468, 9.816546480290002
8.1591846651, 9.7170142746
7.5721538944, 9.5943624928
7.104879234, 9.44798237668
8.0410621668, 9.353252698635
7.9697510683, 9.226631130415
8.061989569, 9.128106531045
7.9697510683, 9.02533460794
7.8907937243, 8.897931002885
9.3759825309, 8.846254762745001
9.9283746192, 8.798116779439999
9.556513574, 8.75582566306
9.1071691875, 8.685687519185
9.0891385048, 8.662318765725
9.9356557277, 8.70427212507
9.7178041167, 8.780017488655
9.5639164054, 8.801737935599999
9.0891385048, 8.783067956485
9.6794986079, 8.782707334885
10.0799237304, 8.825797837315001
9.556513574, 8.872459723675002
10.4388658254, 8.986443781690003
10.1426925695, 9.114970715445002
10.1583989157, 9.267646699530001
9.2358647808, 9.327386830230001
8.6884427753, 9.36332141558
9.6143968641, 9.440941780335
10.0410585418, 9.54450715401
9.5734007422, 9.628637504905
9.6961669303, 9.644646724875003
10.0799237304, 9.652224180435
10.5468506323, 9.70174103335
11.4508266898, 9.818923908464999
11.0876859989, 9.918851283170001
10.5468506323, 9.9494110284
11.1224564701, 10.019643646069998
10.9798655675, 10.090441104174998
10.9798655675, 10.184977457309998
10.739108848, 10.237957969314998
11.0149995284, 10.284711759214996
10.5468506323, 10.33422861213
11.1224564701, 10.368408144364997
11.0876859989, 10.415657815834997
10.9658746049, 10.456031600294999
11.675643712, 10.578020546854997
12.1389611887, 10.750546467525
12.2206381752, 10.88085853308
11.0876859989, 10.933189905934999
11.0876859989, 11.008904168769998
10.6075071515, 11.05447117983
10.0251895304, 11.05173446983
10.4023359016, 11.044508733295
10.495090052, 10.996721901405
10.280029141, 10.956339058509998
11.6405334762, 11.011023200704996
13.3416028737, 11.121980520884998
11.9225091726, 11.16911270114
11.4508266898, 11.192660757254998
11.5411472692, 11.232762678314998
11.5411472692, 11.259070065354997
12.0221389212, 11.332834479799997
11.9225091726, 11.372837114924996
12.0221389212, 11.41955976104
12.5919714171, 11.500864601649997
12.0221389212, 11.518189362109997
12.0538522925, 11.5139339173
12.0221389212, 11.5040089546
11.675643712, 11.533406840255001
12.1267039846, 11.58535773954
12.0096609944, 11.655465431685
11.4375014146, 11.726081025894999
11.5411472692, 11.783021594274999
10.6223088084, 11.789382532095
10.6223088084, 11.806496515465
10.0410585418, 11.726522768745
10.0251895304, 11.56070210158
10.0251895304, 11.465836119470001
10.0410585418, 11.395347712070002
10.0251895304, 11.31954982513
10.0324815564, 11.244116539490001
10.1797089452, 11.15199504069
9.9283746192, 11.052288313020002
9.556513574, 10.92900704566
9.9283746192, 10.795827205765
9.556513574, 10.672545938405001
9.4551368816, 10.542610167860001
9.0965885408, 10.39633264884
8.9902702885, 10.262063977665
8.5189936712, 10.081678461995
9.4625380871, 9.95432231663
8.982737045, 9.83158409815
8.9902702885, 9.704040249115
8.5113340576, 9.598491511575002
8.0410621668, 9.469429179495002
7.5721538944, 9.345983947125003
8.061989569, 9.247823949055
7.8524866768, 9.139188806375
7.5721538944, 9.015743574004999
8.1798303949, 8.92347561723
8.0488823435, 8.824295656584999
8.1669175091, 8.72365608478
7.5801531178, 8.606245009710003
7.5721538944, 8.507027025730002
8.0410621668, 8.41266140311
8.630860449, 8.36637874686
8.9902702885, 8.343135417205
9.9356557277, 8.38508877655
9.4625380871, 8.408702166480001
10.0251895304, 8.48401195944
10.0410585418, 8.512937982175
9.5734007422, 8.542471167035
9.4625380871, 8.566084556964999
10.0324815564, 8.642141931905
10.5021824327, 8.765197945199999
10.1797089452, 8.895575697739998
10.1498287789, 8.999967658234999
10.0324815564, 9.108967402214997
9.556513574, 9.208185386195
10.0324815564, 9.30081794427
10.1426925695, 9.40550845557
10.6075071515, 9.527537937690003
10.1426925695, 9.655664910275002
10.1426925695, 9.784191844030001
10.1498287789, 9.889630174635002
9.6867110399, 9.94242270418
9.2578294065, 9.955800660080001
10.1797089452, 9.968003320955
10.1498287789, 10.002367855545
10.1797089452, 10.010093826284999
10.0324815564, 10.009664977015
10.1498287789, 10.038486378850001
10.0627313161, 10.068496040300001
9.5954027435, 10.046642099655001
10.0324815564, 10.02315705584
10.0324815564, 10.0157956864
9.6867110399, 9.99263979945
10.0251895304, 9.992275198150002
10.0324815564, 10.016073597270003
10.0251895304, 10.015708995970002
10.1498287789, 10.01606580644
10.1498287789, 9.993181887810001
10.0324815564, 9.987671337154998
9.4625380871, 9.953663613035
10.0627313161, 9.949308739894999
10.0251895304, 9.966232664420001
10.0324815564, 10.004965271915001
10.1426925695, 10.00311445313
10.1797089452, 10.004608461444999
9.9356557277, 9.992405800570001
10.0627313161, 9.993918288555
9.6867110399, 9.970762401605
10.0324815564, 9.96924991362
10.0251895304, 9.990739252965001
10.0324815564, 9.990739252965001
10.0324815564, 9.990739252965001
10.1498287789, 10.013895139915002
10.0324815564, 10.014259741215003
10.0324815564, 10.014259741215003
9.5954027435, 9.992770401870002
10.0627313161, 9.988415528730002
10.0324815564, 9.982548167605001
10.0627313161, 9.984060655590001
10.0251895304, 10.012193227755002
9.9283746192, 10.005475392910002
9.9661784055, 10.002524836665
9.9661784055, 9.999209679120003
10.0324815564, 9.993699128465
10.0324815564, 9.986337759025002
10.0251895304, 9.990814449160002
10.0324815564, 9.989301961175
10.0324815564, 10.006590487
9.6867110399, 9.989301961175
10.0324815564, 9.989666562475001
10.0627313161, 9.991179050460001
10.0324815564, 9.991179050460001
10.0627313161, 9.986824177320003
9.5639164054, 9.963395919770003
10.0324815564, 9.963395919769999
9.5639164054, 9.961821602865
10.0251895304, 9.959944513580002
10.1498287789, 9.965811874705
10.0251895304, 9.963934785420001
9.5639164054, 9.94087112917
10.0324815564, 9.94607647603
10.0627313161, 9.950904121559999
9.9356557277, 9.949377987670001
10.1498287789, 9.955245348795
10.1498287789, 9.961112709920002
9.5639164054, 9.938049053670001
10.0627313161, 9.939561541655
9.4625380871, 9.91106436819
9.9356557277, 9.923511602580001
10.0324815564, 9.923511602580001
10.0324815564, 9.921999114595002
8.9902702885, 9.869888551200003
8.5189936712, 9.792701668955
9.5954027435, 9.79427598586
8.982737045, 9.741788760290001
8.982737045, 9.712729792270002
8.5308372344, 9.638012177470001
8.1114829433, 9.536094885690002
8.1114829433, 9.440409556335
8.423726886, 9.383400080365002
8.423726886, 9.302962346845002
8.8132619126, 9.240488876670002
8.8479956442, 9.186105872495002
9.8601166687, 9.171620266985
9.8527961661, 9.156768636345001
8.9179341475, 9.12446952345
8.8996328604, 9.066314600664999
8.5308372344, 9.019729558029999
8.982737045, 8.972083623895
9.9283746192, 8.966878277034999
9.556513574, 8.943079877915
8.061989569, 8.896665841939999
8.0410621668, 8.872769266719999
9.556513574, 8.870824808244999
9.6867110399, 8.90602350799
10.1498287789, 8.964378094685
9.9356557277, 9.03461901935
9.9356557277, 9.12582765857
10.509932065, 9.245750114655001
10.0324815564, 9.326187848175001
9.6867110399, 9.389337055870001
9.556513574, 9.426499638940001
9.9356557277, 9.480882643114999
9.9283746192, 9.48429554064
10.0410585418, 9.493708659425
10.0251895304, 9.54907142857
10.1583989157, 9.612009731335
10.5468506323, 9.71281040123
11.9225091726, 9.859799007609999
11.4508266898, 9.93592161114
10.495090052, 9.982850435040001
11.4508266898, 10.152292291079998
11.4375014146, 10.32211425347
11.4444316893, 10.416510159235
11.4508266898, 10.504715941730002
11.4375014146, 10.569099573515
11.3654774686, 10.64059066056
11.9225091726, 10.739933332804998
12.0221389212, 10.815543675614999
12.1389611887, 10.92086765723
11.5543531926, 11.014249764865
11.4842027607, 11.110634224200002
11.4508266898, 11.186392772305002
12.0164571784, 11.290796900265002
11.4375014146, 11.360619043905
11.4375014146, 11.431234638115
10.4902562581, 11.447827505235
10.4902562581, 11.444997786525
10.0197629757, 11.349860476680002
10.5313023777, 11.303884261075002
11.5543531926, 11.356847418105001
11.9225091726, 11.380431542245
12.0221389212, 11.409663417575
11.5411472692, 11.414499196570002
12.0096609944, 11.442440911800002
12.4791343694, 11.49452255954
12.4254766218, 11.547522517200003
12.5213000292, 11.57746206003
12.3949174487, 11.596100986405002
11.9225091726, 11.5852783856
11.9167549215, 11.603398472045
11.9167549215, 11.625026080085
12.3829812376, 11.671633807475
11.9225091726, 11.666936407185002
12.0164571784, 11.695884195375
12.133413429, 11.730679796095
11.5411472692, 11.78322434665
11.4444316893, 11.830933118209998
11.5480192089, 11.90734592987
10.5021824327, 11.905889932620001
10.0627313161, 11.831308838795
10.0627313161, 11.73831994597
9.9356557277, 11.633995786295
9.9661784055, 11.55524734311
9.9661784055, 11.453073213664998
9.4943385657, 11.30383342348
9.4625380871, 11.155686496745002
8.5189936712, 10.955571178845002
8.8996328604, 10.780806949430001
8.8996328604, 10.62966313382
9.4625380871, 10.5069522921
9.3931048142, 10.380769786735
8.061989569, 10.164720203304999
8.061989569, 9.971694223125
7.1856719275, 9.73015496058
6.1767126443, 9.432319921345002
6.6658556037, 9.188555338070001
6.1767126443, 8.925169385820002
6.6395831014, 8.679747580445003
7.1130792277, 8.510292420195002
7.6186228158, 8.38808699518
8.0488823435, 8.287394546549999
8.5113340576, 8.216178463045
8.0488823435, 8.120313659945001
8.9902702885, 8.071518254095
8.1669175091, 8.005147201265
9.556513574, 8.009845975610002
10.0324815564, 8.08552036987
9.9283746192, 8.136957457809999
9.9356557277, 8.188758601175
10.0324815564, 8.217255774639998
10.0251895304, 8.24886001045
10.1426925695, 8.352895160475
10.9728731889, 8.498439341470002
11.5543531926, 8.716873404725003
10.0410585418, 8.910090699600001
9.6794986079, 9.060772849810002
10.1498287789, 9.259428656539999
9.6794986079, 9.411424431864999
9.3757466401, 9.524557802484999
10.1498287789, 9.65111810064
9.6794986079, 9.73264891386
10.1426925695, 9.814216839455
9.2254364558, 9.873044545070002
10.3166521469, 9.93936363799
10.3166521469, 10.046850369880001
10.1797089452, 10.078010138440002
10.2870744189, 10.090739781565002
10.280029141, 10.108322507655
9.2181136818, 10.072445405359998
9.8301974716, 10.06233120112
10.1498287789, 10.068563163544999
10.1797089452, 10.070413982329999
9.6794986079, 10.00574525328
9.6867110399, 9.912363145645
9.6867110399, 9.894645770550003
10.1426925695, 9.917805468630004
9.5639164054, 9.888509849955003
10.1498287789, 9.912026358505
10.1426925695, 9.950373654975001
9.8301974716, 9.934392089610002
9.6867110399, 9.93475271121
10.1797089452, 9.936603529995
9.6867110399, 9.9596672592
9.8608117637, 9.93687524004
9.8608117637, 9.914083220879998
9.8608117637, 9.898138361805
9.6867110399, 9.868120192854999
10.3684386173, 9.87254066667
9.8608117637, 9.904675570764999
9.407594371, 9.883545415735
10.2870744189, 9.890407697734998
10.1797089452, 9.890407697734998
9.6867110399, 9.890768319334999
9.6867110399, 9.890768319334999
9.8301974716, 9.897942640919998
10.3166521469, 9.906640619789998
9.8301974716, 9.919954673099998
9.8608117637, 9.90550382234
10.2870744189, 9.912722914809999
10.1498287789, 9.928704480174996
10.1498287789, 9.951860367124997
10.1498287789, 9.950366358809998
10.1797089452, 9.975016254074998
10.2870744189, 9.996329386834997
10.3166521469, 10.019121405994998
10.1797089452, 10.035066265069997
9.6867110399, 10.035066265069997
10.1498287789, 10.024135773149998
10.0627313161, 10.03423175077
10.1797089452, 10.072837479479999
9.6867110399, 10.04281931053
9.6867110399, 10.018169415265
10.3166521469, 10.049666470615001
10.2870744189, 10.079684639565
10.1498287789, 10.095666204930001
10.1797089452, 10.088819044845001
10.1498287789, 10.10480061021
10.2870744189, 10.12611374297
9.6867110399, 10.096095574020001
9.7178041167, 10.074494340909999
10.2870744189, 10.08135662291
10.1498287789, 10.08135662291
9.7178041167, 10.058261381485
10.2870744189, 10.058261381485
10.2870744189, 10.056782495084999
9.8301974716, 10.039306921404998
9.7178041167, 10.040861575245
9.7178041167, 10.019260342135
9.7178041167, 10.002013982164998
10.2870744189, 10.007382255849999
10.1797089452, 10.032032151115
9.8608117637, 10.040737187305
9.7178041167, 10.010794785795
9.4943385657, 9.971157993134998
9.7178041167, 9.949556760025
9.8608117637, 9.93361190095
9.6867110399, 9.910456014
9.2254364558, 9.857374115845
8.630860449, 9.8045815863
8.3096433955, 9.73417355024
7.6971853927, 9.604679098930001
7.6971853927, 9.482046929620001
8.1591846651, 9.40411595704
7.9485601526, 9.287190243724998
7.8828070635, 9.166976875954997
7.8443785713, 9.067685930939998
8.8403513165, 9.02381329093
9.2862837799, 9.00223727409
9.7833212219, 9.00551312935
9.8548217767, 8.983900497239997
9.4348839972, 8.946659249839996
9.5790995448, 8.932573638894999
9.0448086442, 8.898923865269998
8.5113340576, 8.849773639865
8.0410621668, 8.76593654237
8.5189936712, 8.698845637744999
9.0234792674, 8.66568404912
9.5954027435, 8.684182363505
8.9902702885, 8.702152855480001
9.9356557277, 8.783453472089999
9.4625380871, 8.871721106810002
9.5639164054, 8.965057657445001
10.0324815564, 9.058722502010003
10.0410585418, 9.16334742147
10.1583989157, 9.27712701408
8.7777960708, 9.323797889054998
8.6232758468, 9.31294411557
9.9444191007, 9.34585088161
11.1224564701, 9.412807644019999
11.4842027607, 9.49427669322
10.509932065, 9.548029096609998
10.6223088084, 9.600189559790001
9.9444191007, 9.645170082615
10.4174287307, 9.74047481627
10.5468506323, 9.865764239545001
11.8403678431, 10.031832948140002
11.8403678431, 10.172677376924998
11.4508266898, 10.26544857424
12.0221389212, 10.417042005875
11.8403678431, 10.512277611645
11.8276905649, 10.630535235535
11.3590305854, 10.720290944534998
11.3590305854, 10.786618395984998
10.0251895304, 10.785824945414996
10.739108848, 10.81486044203
11.4508266898, 10.948511972979999
10.9798655675, 11.066341459014998
10.9658746049, 11.117414234224999
10.5021824327, 11.086400532355
9.9661784055, 11.010499314595002
10.8146710075, 11.025736261720002
10.8769261439, 11.038467128495004
11.8725664542, 11.134874496170003
13.8989587934, 11.308950999305
11.8610982089, 11.374663378135002
10.9122906821, 11.328259520085002
10.9658746049, 11.284534858175002
11.5480192089, 11.289394484130002
12.0164571784, 11.289110396990003
11.9429887403, 11.294241441850001
11.8345699749, 11.294585412350001
11.9099055924, 11.3221291627
11.8403678431, 11.346196025585
11.8345699749, 11.436665047810001
12.3106424597, 11.515241728395
12.2487601483, 11.555138401319999
11.3590305854, 11.574096652215001
11.8610982089, 11.618857832415
11.3520664625, 11.661352033905
10.8769261439, 11.706889420825002
10.5021824327, 11.691264992085
10.0627313161, 11.650555250695
10.0627313161, 11.56006349379
9.9283746192, 11.361534285080001
10.495090052, 11.293233877235002
10.0324815564, 11.249243420950002
9.9356557277, 11.197732477090002
9.9356557277, 11.117114303030002
10.5021824327, 11.041400565745002
10.0324815564, 10.945875206550003
9.4551368816, 10.826903551885
9.9356557277, 10.728191058650001
9.9356557277, 10.632955452880001
10.0324815564, 10.542851031955
9.9661784055, 10.425627829245
9.0234792674, 10.2643637852
9.0234792674, 10.147586219299999
9.4160317215, 10.025332894930001
9.5639164054, 9.935925392075001
10.0251895304, 9.8933385614
9.1071691875, 9.82358789914
8.982737045, 9.769588185585
7.9485601526, 9.663879627410001
8.4315652195, 9.589039157425002
8.0410621668, 9.466337763165003
7.9485601526, 9.362141692975003
7.1130792277, 9.221012867975002
7.6971853927, 9.109089351225002
7.4741556613, 8.957688012655002
7.5801531178, 8.835071590725002
7.104879234, 8.717558708345
7.7429094751, 8.607921395715
8.0854077114, 8.515408994900001
8.3450382719, 8.431036830675001
9.0234792674, 8.383901873770002
9.0234792674, 8.38390187377
9.5954027435, 8.412498047575
10.0324815564, 8.44332053932
10.5021824327, 8.490233840685
10.9122906821, 8.534588898269998
10.1913370021, 8.588797289
9.6300533752, 8.621163105510002
9.7330581063, 8.710388003195
9.9661784055, 8.787118662495
10.8839970424, 8.929265406275
10.495090052, 9.056591901245
10.0324815564, 9.202562017679998
10.0627313161, 9.32083931385
10.1797089452, 9.456116978045
10.3166521469, 9.5929419295
9.7178041167, 9.723588173635
10.2321841173, 9.848051905744999
10.3166521469, 9.95961412752
9.3757466401, 10.01114954593
9.1874750492, 10.01934933502
9.1874750492, 10.02754912411
10.2321841173, 10.0593881928
10.1797089452, 10.06674956224
9.7178041167, 10.027530646439999
10.1797089452, 9.990901559594999
10.3166521469, 9.997167316835
10.1797089452, 10.024650095335002
9.0965885408, 9.99282661706
10.1797089452, 10.003503144045
9.8608117637, 9.95234388011
9.7178041167, 9.913479583345
9.8301974716, 9.903365379105
10.0324815564, 9.901852891119999
9.6507896755, 9.875406927635002
10.0627313161, 9.862710886095
10.2321841173, 9.888429886125
9.5954027435, 9.856590817435
9.6867110399, 9.825093762085
9.6867110399, 9.840641982074999
9.5639164054, 9.859464049884998
10.1498287789, 9.907581736369998
10.1498287789, 9.903463969449998
10.1426925695, 9.901613150664998
10.0324815564, 9.917347022649999
10.1426925695, 9.915496203864997
10.0324815564, 9.901287674339997
10.1498287789, 9.899793666025
10.2870744189, 9.95931795993
10.2870744189, 9.964686233615001
9.2578294065, 9.934537115755
9.7178041167, 9.934537115754999
9.8608117637, 9.936067830359999
9.7178041167, 9.920333958374998
9.8301974716, 9.929304348179999
9.7178041167, 9.912057988209998
9.8608117637, 9.893489370529998
10.2870744189, 9.928072954300001
9.6794986079, 9.9277123327
10.2870744189, 9.957730501650001
9.6794986079, 9.963509611775
9.407594371, 9.926397891380002
9.7178041167, 9.904796658270001
8.3450382719, 9.81491394339
10.1498287789, 9.820781304515
10.1797089452, 9.8226321233
9.6867110399, 9.805343597475002
9.8608117637, 9.790892746715
10.3684386173, 9.794960956635
10.1797089452, 9.78959268295
9.6867110399, 9.811036764619999
10.1498287789, 9.832637997729998
10.0324815564, 9.841221487364999
10.2870744189, 9.869685002475
10.1498287789, 9.88566656784
9.8301974716, 9.891286235585
10.1426925695, 9.905380275875
10.1498287789, 9.898517993875
10.1797089452, 9.923528510739999
10.2870744189, 9.923528510739999
10.2870744189, 9.953907301289998
10.1498287789, 9.991019021685
9.7178041167, 9.991019021685
10.1498287789, 10.081258547034999
10.0324815564, 10.075391185909998
10.0251895304, 10.067665215169999
9.6867110399, 10.06766521517
10.3166521469, 10.09045723433
10.1498287789, 10.07952674241
10.2870744189, 10.084895016095
9.8301974716, 10.09206933768
10.1498287789, 10.092069337679998
10.2870744189, 10.104798980805
10.0627313161, 10.093581825665
10.1797089452, 10.095075833980001
10.3166521469, 10.119398567745
10.1498287789, 10.119755378215
10.1797089452, 10.12124938653
9.6867110399, 10.096599491265001
10.1797089452, 10.09123121758
9.7178041167, 10.062767702470001
9.7178041167, 10.04116646936
10.3166521469, 10.07110887087
9.7178041167, 10.049507637760001
9.8608117637, 10.040924148125
9.7178041167, 10.025554877440001
9.2254364558, 10.002491148235002
9.0965885408, 9.941487967930001
9.3834288685, 9.903167972410001
9.3834288685, 9.85798569489
8.9902702885, 9.815989335735
9.0009806427, 9.758546928924998
8.0410621668, 9.64624631632
8.0410621668, 9.545162858854997
7.9041740018, 9.431386111684997
8.9072181089, 9.360914409784998
8.9179341475, 9.299319678215
9.4722268575, 9.263945573829998
8.0410621668, 9.181663130174998
8.4315652195, 9.094255943890001
7.8828070635, 9.00250609123
8.3327887847, 8.93325532463
8.8996328604, 8.862404360305002
9.556513574, 8.854339833170002
9.556513574, 8.839124923685002
8.6232758468, 8.784398510190004
8.1798303949, 8.732118207145001
8.3450382719, 8.694540693700002
8.3096433955, 8.640851420050002
9.2254364558, 8.632951799415
8.630860449, 8.61498130744
9.556513574, 8.642757954005
9.9661784055, 8.73901376594
10.0324815564, 8.83858473542
9.6961669303, 8.928184381845
10.0410585418, 8.98487640349
10.4546581274, 9.061712602484999
10.8575070992, 9.130976614569999
10.3451963819, 9.246183325325
10.0410585418, 9.326657991440001
9.9444191007, 9.429738593300002
10.509932065, 9.538595757314999
10.0251895304, 9.594873590815
10.8218729659, 9.658141560409998
11.3992201996, 9.750276891689998
11.2989265552, 9.88405942711
10.9798655675, 10.024061185739999
10.4023359016, 10.126926067225
11.2448630392, 10.27368704941
11.2094093087, 10.372885692055
11.8403678431, 10.533361061759999
11.251283273, 10.618099546709997
11.7763113329, 10.708606193079998
11.4508266898, 10.779523449749998
11.2854222486, 10.858986215665
11.2854222486, 10.921204401005001
11.8403678431, 10.99048988679
11.8403678431, 11.039632923985
11.8403678431, 11.114391497045
13.3414741749, 11.279412278699999
15.7143728507, 11.567909966200002
14.2212061408, 11.753473669990003
12.8679715826, 11.8956127726
12.3949174487, 11.97426499674
12.897230897, 12.04916553161
12.8566542281, 12.127051915255
12.7801740152, 12.217067337640003
13.2959435622, 12.361747720670005
12.9606798603, 12.447538561725004
11.9167549215, 12.482905842365003
11.9099055924, 12.486382729830005
11.8276905649, 12.515203094425003
11.4508266898, 12.498928862270002
11.3520664625, 12.493990850905003
10.4174287307, 12.45059117501
10.9798655675, 12.435313340955
10.8911342853, 12.387851663065002
10.509932065, 12.32132987416
10.0410585418, 12.231364409094999
10.0251895304, 12.06555017687
9.6867110399, 11.76416708633
9.9356557277, 11.549889565674999
9.4625380871, 11.3796178909
10.0324815564, 11.261496096285
9.0965885408, 11.071463978475
9.4625380871, 10.901758171425
9.4625380871, 10.73587637502
9.556513574, 10.548904875610003
8.982737045, 10.350007734845
8.0488823435, 10.156614105945
8.630860449, 9.992661848775
9.4722268575, 9.874888663405
9.4625380871, 9.775474233270002
8.5308372344, 9.634412771865001
8.061989569, 9.51664081378
8.1798303949, 9.37663905515
7.2376786361, 9.193966272690002
6.6480347472, 9.000871406800002
6.1854234107, 8.808089650245
7.1130792277, 8.662484135109999
6.6480347472, 8.510550320475001
7.4126827593, 8.384401672055002
8.0488823435, 8.313718884875001
8.4315652195, 8.23367306803
8.3614441964, 8.19691585081
9.3834288685, 8.19296038988
9.9444191007, 8.21705444056
9.5790995448, 8.2181837391
9.2187486553, 8.229984319615001
9.9444191007, 8.324761157474999
10.4388658254, 8.415161426294999
9.9661784055, 8.439859003695
9.9661784055, 8.465041019614999
9.9661784055, 8.536808078169999
10.4095073337, 8.654183966405002
10.4095073337, 8.765667813345
10.4095073337, 8.924259248225002
11.9167549215, 9.18769525694
10.495090052, 9.403178589005002
10.0324815564, 9.54914870544
9.9356557277, 9.713529754464998
9.4551368816, 9.81565246058
9.5503290163, 9.89072479422
10.0324815564, 9.970770611065001
10.1498287789, 10.06018984019
10.1797089452, 10.100003844025
10.1797089452, 10.111768336249998
9.5503290163, 10.110329809824998
10.1157880865, 10.155181781384996
10.0324815564, 10.159584904169996
10.0251895304, 10.138901089419997
9.6867110399, 10.124927721139997
10.0251895304, 10.127878277384998
10.0324815564, 10.131193434930001
9.9356557277, 10.10750085463
9.9661784055, 10.085334408220001
10.5021824327, 10.089968163170001
10.0251895304, 9.995389893615
10.0324815564, 9.972259468835
9.556513574, 9.948461069715
9.0965885408, 9.906507710369999
9.4625380871, 9.906877770645
10.0627313161, 9.932497885635
9.9356557277, 9.927656594199998
10.0324815564, 9.921789233075
9.9661784055, 9.91111270609
9.5639164054, 9.8803230791
9.5954027435, 9.88257676546
9.9356557277, 9.87357014752
10.0324815564, 9.87357014752
10.0324815564, 9.873934748820002
9.4625380871, 9.862726101180002
10.0627313161, 9.864603190465001
10.1157880865, 9.86876851697
9.9661784055, 9.870294650860002
10.5021824327, 9.897094852220004
10.0324815564, 9.873609808405003
10.0324815564, 9.873974409705003
9.5954027435, 9.85212046906
9.5954027435, 9.854064927535001
10.0251895304, 9.900494977015
10.0251895304, 9.928627549180002
10.0324815564, 9.927115061195
10.0324815564, 9.93195635263
9.6794986079, 9.914307205205
9.556513574, 9.89382396363
10.0627313161, 9.918764709165
10.0324815564, 9.940618649810002
10.0324815564, 9.945459941245002
10.1498287789, 9.95132730237
9.5954027435, 9.929473361725
9.5954027435, 9.936116594545
10.0627313161, 9.936116594545
9.9356557277, 9.927109976605
10.0324815564, 9.930425134150001
10.1426925695, 9.91245064099
9.5639164054, 9.88902238344
9.4625380871, 9.860525209975
10.0627313161, 9.883891638605002
10.0627313161, 9.907258067235002
10.0324815564, 9.907622668535002
10.0251895304, 9.907622668535002
10.0324815564, 9.907622668535002
9.4625380871, 9.879125495070001
10.1498287789, 9.90264200362
10.0324815564, 9.92644040274
10.1498287789, 9.930795275880001
10.0627313161, 9.932307763865001
10.0627313161, 9.93382025185
10.0324815564, 9.927952890724999
10.0324815564, 9.949806831370001
10.0324815564, 9.971660772015001
10.0324815564, 9.97014828403
10.0251895304, 9.974624974165001
9.4943385657, 9.94771782463
10.1157880865, 9.946372600480002
9.4625380871, 9.941303684565003
10.0324815564, 9.969800858030002
10.5021824327, 9.99177341386
9.9661784055, 9.986945768330001
10.0324815564, 9.986945768330003
10.0324815564, 9.987310369630002
9.5639164054, 9.963882112080002
10.0324815564, 9.992379285545002
10.0324815564, 9.986511924420002
10.0627313161, 9.988024412405002
9.5954027435, 9.960303110635001
9.5954027435, 9.936936682005001
10.0324815564, 9.93542419402
10.0627313161, 9.936936682005001
10.0324815564, 9.936936682005001
10.0324815564, 9.936936682005001
9.9661784055, 9.933621524460001
9.5639164054, 9.91055786821
10.1797089452, 9.944826387185
9.9356557277, 9.935819769244999
10.0251895304, 9.96395234141
10.0627313161, 9.965464829395
9.9356557277, 9.937138494145
9.5639164054, 9.91702539414
10.0627313161, 9.918537882125
9.9356557277, 9.91369659069
9.9356557277, 9.932283556805
10.1157880865, 9.936448883310002
9.9661784055, 9.933133725765
9.9356557277, 9.926779946344999
9.9661784055, 9.945318729444999
9.9661784055, 9.963857512545
10.0627313161, 9.96537000053
9.1295074665, 9.918708808049999
8.7662959869, 9.855399529575
8.5537817724, 9.781464540375001
8.6232758468, 9.714319412440002
8.7662959869, 9.674438391515
8.1591846651, 9.573412177510003
7.129203398, 9.433089561025003
7.4969957957, 9.306679874290001
7.8523953556, 9.196163076265002
7.8523953556, 9.092000057660002
8.8132619126, 9.054467333020002
9.2839398662, 9.015527760525
9.8371100843, 9.010600478355
9.8061853052, 9.00412695723
9.8601166687, 8.99134338634
9.9444191007, 8.990255421099999
10.4174287307, 9.01434407125
9.9444191007, 9.013256106010001
9.6143968641, 8.995667028940002
8.6232758468, 8.923694255474999
9.0891385048, 8.921675807389997
9.556513574, 8.961186686745
9.4551368816, 9.006254442204998
9.5734007422, 9.053760686975
10.1583989157, 9.123365833415003
10.1426925695, 9.222541228635
10.0324815564, 9.367705136555001
9.9661784055, 9.491164267045
9.4625380871, 9.57167140362
9.4625380871, 9.652178540194999
9.4551368816, 9.684272288645001
9.9356557277, 9.71685808172
9.9661784055, 9.723311497780001
9.9661784055, 9.731311152795
10.0324815564, 9.739929397180001
9.9356557277, 9.739491228530001
9.8527961661, 9.7112596003
9.9283746192, 9.710457376225
9.9283746192, 9.726156263979998
10.8769261439, 9.838838778835
10.4174287307, 9.90525329013
10.4174287307, 9.948299047964998
10.4174287307, 9.996413640419998
10.4174287307, 10.038615039844998
10.8218729659, 10.071788742355
10.4023359016, 10.08477090896
11.8276905649, 10.174531359384998
11.8276905649, 10.267606967354999
11.9099055924, 10.38997534262
11.3520664625, 10.484451761389998
11.8276905649, 10.603079445555
11.9241010852, 10.70250171343
11.8403678431, 10.79621118531
11.8403678431, 10.88992065719
11.9099055924, 10.98379185899
11.9225091726, 11.083134531235
11.4375014146, 11.162369793660002
11.8276905649, 11.257335590945
12.7870014327, 11.400266931620003
11.9099055924, 11.451915904045002
11.8345699749, 11.522772966255001
11.8345699749, 11.593630028465002
12.3829812376, 11.691907653810002
13.2677342214, 11.834422928345
13.3308608893, 11.959872324515
12.3106424597, 12.05528765242
11.8345699749, 12.05563162292
12.0164571784, 12.065069953595003
12.4151758441, 12.090333466180002
11.9167549215, 12.118567889130002
11.5187331491, 12.103120018340004
11.9429887403, 12.104064401095004
11.386360992, 12.081364058540004
11.0009571629, 12.039393524530002
10.5021824327, 11.969007366545004
10.0324815564, 11.874505985735002
10.0251895304, 11.803890391525002
10.0324815564, 11.714129941100001
10.1426925695, 11.581914497940001
9.9356557277, 11.483202004705001
10.0627313161, 11.394610071765
9.5639164054, 11.28107739329
9.1295074665, 11.118403704734998
8.630860449, 10.886560016115
8.630860449, 10.6515599941
8.0854077114, 10.440298256684999
8.0854077114, 10.25284014351
8.0854077114, 10.05628767016
8.0410621668, 9.837581986295
8.3096433955, 9.657226409995
8.0410621668, 9.483342860879999
7.9485601526, 9.283621431495002
7.9485601526, 9.111731389525
8.5113340576, 8.987250234260001
8.5113340576, 8.887707815505
9.4551368816, 8.858840581765001
9.9356557277, 8.854363891630001
9.4551368816, 8.82549665789
9.9283746192, 8.814780760375001
9.9356557277, 8.814780760375001
9.5639164054, 8.78984001484
9.6507896755, 8.794183678345
11.0545598556, 8.890436297799999
11.4355937428, 9.030672962489998
10.0197629757, 9.100118088824999
9.0842244099, 9.150058923749999
8.9069213183, 9.191134604095
9.812687535, 9.277498595275002
10.9204822242, 9.421469598145002
10.9204822242, 9.552011539580002
10.9912684291, 9.699521852695003
11.6914104812, 9.886664369125004
10.2537299053, 10.00192285676
9.7865382485, 10.065683066305
9.7670126907, 10.12846699796
9.757397072, 10.14358000748
9.757397072, 10.134667074694999
9.2862837799, 10.126224419609997
9.3036807017, 10.094989723734999
9.3458592077, 10.065499897734998
7.9853721028, 9.986572682604999
8.4286510154, 9.925465749599999
