9.9283746192, 9.9283746192
9.9283746192, 9.9283746192
10.0251895304, 10.0251895304
10.0324815564, 10.0324815564
9.9356557277, 9.9356557277
9.9356557277, 9.9356557277
9.9356557277, 9.9356557277
9.9283746192, 9.9283746192
9.9356557277, 9.9356557277
9.9444191007, 9.9444191007
10.4023359016, 10.4023359016
9.9444191007, 9.9444191007
9.8527961661, 9.8527961661
10.4023359016, 10.4023359016
9.8527961661, 9.8527961661
9.4551368816, 9.4551368816
9.9283746192, 9.9283746192
9.9356557277, 9.9356557277
9.9283746192, 9.9283746192
9.8601166687, 9.954608935420001
9.9356557277, 9.954972990845002
9.9356557277, 9.955337046270001
9.9283746192, 9.950496300710004
9.8601166687, 9.941878056325
9.8601166687, 9.938101103375
9.8601166687, 9.934324150425002
9.9283746192, 9.933960095
9.9356557277, 9.934324150425002
9.9283746192, 9.933960095
9.9283746192, 9.933157870925001
9.9283746192, 9.909459806805
9.9356557277, 9.909021638155
9.9283746192, 9.91280056081
10.4023359016, 9.91280056081
9.9444191007, 9.91738170754
10.4174287307, 9.965496299995001
9.9356557277, 9.96586035542
9.9283746192, 9.965496299995
9.8601166687, 9.962083402469998
9.4625380871, 9.942204473390001
9.8527961661, 9.938061495309999
9.8527961661, 9.933918517229998
10.0251895304, 9.938759262789997
9.8527961661, 9.938393237659998
9.9356557277, 9.942170190609998
9.8527961661, 9.941804165479997
9.9356557277, 9.942168220904998
9.9283746192, 9.941804165479999
9.9283746192, 9.941804165479999
9.9283746192, 9.941804165480002
9.9356557277, 9.942168220905
9.9356557277, 9.942168220905
9.9283746192, 9.942168220905
9.9356557277, 9.91883421221
9.8601166687, 9.91461909061
9.9283746192, 9.890166385034998
9.9444191007, 9.890604553685
9.9283746192, 9.890604553685
9.9283746192, 9.89401745121
10.0324815564, 9.922514624675001
9.9444191007, 9.927095771405003
9.8689514321, 9.927903534704999
10.0324815564, 9.928268136004998
9.9283746192, 9.93204705866
9.9283746192, 9.931683003235
10.4023359016, 9.959159990009999
9.9356557277, 9.959159990009999
9.9444191007, 9.959962214085
9.4551368816, 9.936300327205
9.9283746192, 9.936300327205
9.9356557277, 9.936300327205
10.4095073337, 9.959992907505
9.9283746192, 9.959992907504999
9.9356557277, 9.959992907504999
9.9283746192, 9.963405805030002
9.8527961661, 9.959626882375002
10.4023359016, 9.98252272242
9.9283746192, 9.98252272242
10.4095073337, 10.006579358145
9.9356557277, 10.00173806671
9.8601166687, 9.997522945110001
9.8601166687, 9.997081206939999
9.9283746192, 9.99187586008
9.9356557277, 9.992239915505001
9.9283746192, 9.992239915505
9.9283746192, 9.968541851385002
9.8527961661, 9.964398873304997
9.9283746192, 9.96359664923
9.9283746192, 9.98725853611
9.8601166687, 9.983845638585
9.9283746192, 9.98348158316
9.9283746192, 9.959424947435
9.9283746192, 9.959424947435
9.9283746192, 9.959060892009997
9.9356557277, 9.959424947435
9.9444191007, 9.964006094164997
9.9283746192, 9.940308030044998
9.8527961661, 9.936529107389998
10.4095073337, 9.936529107389998
9.9283746192, 9.936165051964997
9.9356557277, 9.939942004914998
9.9283746192, 9.943354902439998
9.9283746192, 9.943354902439998
9.9356557277, 9.943354902439998
9.8527961661, 9.939575979785
9.9356557277, 9.939940035209997
9.8601166687, 9.940306060339998
9.8527961661, 9.936527137685
9.8527961661, 9.93274821503
9.4551368816, 9.912499225674997
9.9356557277, 9.912863281099998
9.9356557277, 9.913227336525
9.8527961661, 9.909448413869999
9.9356557277, 9.909812469294998
9.7988171531, 9.902970540564997
9.8527961661, 9.898389393834998
9.9444191007, 9.89919161791
9.4551368816, 9.879308653684998
9.9283746192, 9.855252017959998
9.8527961661, 9.851473095305
9.9444191007, 9.851911263955
9.9356557277, 9.852275319379999
10.4023359016, 9.8759733835
9.9283746192, 9.875609328075
9.9283746192, 9.87938825073
9.9356557277, 9.87938825073
9.9444191007, 9.883603372330002
9.9283746192, 9.887382294985
9.9283746192, 9.89116121764
9.9356557277, 9.915187159945003
9.9283746192, 9.914823104520002
9.9283746192, 9.914459049095
9.9283746192, 9.918237971749999
9.9356557277, 9.918237971749999
9.9283746192, 9.924715845055001
9.9356557277, 9.928858823135002
9.9356557277, 9.928420654484999
9.9283746192, 9.952082541365002
9.9356557277, 9.95244659679
10.0410585418, 9.961859715575
9.9356557277, 9.961421546925001
10.0324815564, 9.96626283836
10.0251895304, 9.9474055198
9.9283746192, 9.9474055198
9.8527961661, 9.943626597144997
9.8527961661, 9.939483619064998
9.9283746192, 9.938681394989995
9.9283746192, 9.938681394989995
9.9283746192, 9.938681394989999
10.0251895304, 9.943158085124997
9.4551368816, 9.919496198245
9.8601166687, 9.91608330072
9.9356557277, 9.916447356145003
9.9283746192, 9.91608330072
9.9283746192, 9.91608330072
9.9283746192, 9.915719245295003
10.4095073337, 9.939411825595002
10.0251895304, 9.944252571155001
9.9283746192, 9.943888515730002
9.9283746192, 9.938254319599999
9.9356557277, 9.938254319599999
9.9283746192, 9.933048972739998
9.9283746192, 9.928208227179999
10.0251895304, 9.93304897274
9.9356557277, 9.937191950819999
10.0251895304, 9.945811619034998
10.1426925695, 9.95652751655
10.0251895304, 9.96136826211
10.0324815564, 9.966573608969998
9.5639164054, 9.943509952719998
10.0324815564, 9.972377186459997
9.2181136818, 9.940277037114999
9.2181136818, 9.904399934819997
8.2285894302, 9.81941067537
7.8698231778, 9.716483103299998
8.3096433955, 9.635546542114998
8.4756823926, 9.53885529506
8.3096433955, 9.453077988314998
8.4756823926, 9.380443376985
8.9167473335, 9.329862012700001
8.3096433955, 9.248561396090002
8.7662959869, 9.190457464475003
8.4682209052, 9.117449778775002
6.5372754822, 8.943054076365003
8.3701900821, 8.864780794085004
8.2216245943, 8.774602547280002
7.855945607, 8.660265199155003
8.0310594724, 8.560558696254999
8.4410981478, 8.480989525824999
8.4881154263, 8.427199476870001
8.6759192487, 8.359371361485
10.5925253292, 8.428091943854998
9.9386441983, 8.464118469679999
9.9386441983, 8.549621208084996
10.5925253292, 8.685756315654999
10.0007315197, 8.770310721864998
10.4418401257, 8.868618608519999
10.2741017559, 8.966841526539998
9.9155419176, 9.03883450279
9.6390559911, 9.07494993567
9.9155419176, 9.155244861775
9.9155419176, 9.21270715831
9.8857991933, 9.283586072715
8.7759642462, 9.395520510915
9.8019577249, 9.467108893055002
10.4809068424, 9.58007300546
9.8857991933, 9.681565684774998
10.7965335326, 9.819839387784999
10.8238405088, 9.938976505834999
10.5373429122, 10.041437880130001
10.5406205344, 10.134672944414998
10.812895866, 10.145691471255
11.8268619346, 10.240102358070002
12.1684887681, 10.351594586560001
10.7965335326, 10.36179499673
11.1170968953, 10.417613265509999
10.8483939111, 10.43794095478
11.920011393, 10.520236436634999
11.4701540848, 10.597967044995
10.1229504854, 10.62216176971
9.4432588575, 10.598547616705
10.7965335326, 10.642597197455
12.3145500299, 10.764034739284998
12.5241561764, 10.951444335795
10.2573224601, 10.974212572554999
11.1228218875, 11.006308324809998
11.4959986308, 11.086818296685
10.8238405088, 11.088183645494997
11.6576406211, 11.12987365111
12.1921225474, 11.21261263287
12.5652689987, 11.313845056084999
12.9294383331, 11.419672179440003
13.2368924367, 11.490173704545
13.1962513378, 11.54156183303
13.1962513378, 11.661547723290001
13.1732170832, 11.764353732685002
12.86432185, 11.865150129630003
12.8879718133, 11.913548150645
12.5241561764, 11.966248255225
12.8409989713, 12.10215067952
12.1684887681, 12.238412175049998
11.4846098036, 12.272815988599998
11.5959137152, 12.236884172864999
10.8723323501, 12.154292981549998
10.1517705145, 12.14901538427
10.4809068424, 12.116919632014998
10.2838046641, 12.05630993368
9.9366580443, 12.011950810455
9.8081366452, 11.91947561166
9.8857991933, 11.804159443955
9.5201835219, 11.651905170114999
9.7556207229, 11.493214289605
9.5201835219, 11.307378843865
9.5513953248, 11.125136043214999
8.872520918, 10.908949522224999
8.6564561155, 10.683111473839999
8.4482735449, 10.462309058585
8.4482735449, 10.240324145165
8.6638519199, 10.047308932339998
8.4682209052, 9.828670029034999
8.2423948474, 9.632365333
8.4881154263, 9.482540614135
8.2423948474, 9.314864670745
8.023510516, 9.172423579039997
6.9513575545, 9.012402931039999
6.5100044255, 8.813857810195
6.0831856432, 8.60382685915
6.0746937281, 8.410728643339999
5.6468694841, 8.202665285284999
6.3064280635, 8.023696728795002
6.7194133114, 7.883658218270002
8.2216245943, 7.806958411840002
8.4881154263, 7.755355007059999
9.6794986079, 7.761760171214999
10.6112844727, 7.848698348949999
10.8892749658, 7.960339291465
10.2870744189, 8.052279335165
10.1498287789, 8.137357096865
10.0324815564, 8.205788578690001
10.0324815564, 8.284001611249998
10.0251895304, 8.373141345399997
10.0410585418, 8.450788501174998
10.4023359016, 8.558785553884999
10.0251895304, 8.658869504604999
10.0324815564, 8.8129257047
9.9356557277, 8.98420826981
10.0324815564, 9.18167306547
10.4095073337, 9.39841374575
9.9356557277, 9.61285305793
9.9356557277, 9.79431444114
9.9283746192, 9.95476250653
10.0627313161, 10.046817842620001
10.0627313161, 10.12554863711
9.9661784055, 10.139882626990001
10.0251895304, 10.110577879875002
10.0324815564, 10.067738209405
9.9283746192, 10.049803219420001
9.9283746192, 10.038730511435002
9.9356557277, 10.03388922
9.9356557277, 10.029047928565001
9.9283746192, 10.024207183005
9.9283746192, 10.018572986875002
9.4625380871, 9.971583096150002
9.9444191007, 9.967544574665002
9.9356557277, 9.962703283230002
9.9356557277, 9.962703283230002
10.0251895304, 9.962338681930001
10.0251895304, 9.943122791765003
9.556513574, 9.92416568408
9.9356557277, 9.92416568408
9.556513574, 9.90557263182
9.9661784055, 9.900744986289999
9.9356557277, 9.894391206869999
9.9283746192, 9.892501017554999
9.9283746192, 9.887660271994998
10.4023359016, 9.906152989254997
10.0251895304, 9.910993734815
9.9356557277, 9.91135779024
9.9356557277, 9.91135779024
9.9661784055, 9.91288392413
9.9356557277, 9.913247979555
9.9283746192, 9.913247979555003
10.0324815564, 9.941745153020003
9.9283746192, 9.940942928945002
10.0251895304, 9.945419619080003
9.9283746192, 9.945055563655
9.9283746192, 9.940214818094999
9.9356557277, 9.935738127959999
10.4095073337, 9.978387815944998
9.9356557277, 9.978387815945002
9.9356557277, 9.997344923630001
10.0251895304, 10.000295479875001
10.0324815564, 10.005136771310001
9.9356557277, 10.005500826735002
9.9283746192, 10.005500826735
9.9356557277, 9.982166818040001
9.9356557277, 9.977690127905001
9.9283746192, 9.97732607248
9.9356557277, 9.97732607248
9.9283746192, 9.975435883165
9.9356557277, 9.975435883165
9.4551368816, 9.951773996285002
9.9356557277, 9.946932704850003
9.9356557277, 9.947296760275002
9.9283746192, 9.942456014715
9.9356557277, 9.942820070140002
9.8527961661, 9.939041147485002
9.9356557277, 9.939041147485002
10.4095073337, 9.939041147485002
9.9356557277, 9.939041147485002
9.9444191007, 9.939479316135
9.9283746192, 9.934638570575
9.9283746192, 9.929433223715
10.4023359016, 9.95276723241
9.9283746192, 9.95276723241
9.8601166687, 9.94899027946
9.9356557277, 9.94899027946
10.4023359016, 9.972688343580003
9.9356557277, 9.972688343580003
9.9356557277, 9.973052399005002
9.9356557277, 9.973052399005002
9.9283746192, 9.996714285885002
9.9283746192, 9.996350230460001
9.4722268575, 9.973178786950001
10.0251895304, 9.97801953251
9.9283746192, 9.977655477085001
9.9356557277, 9.981798455164999
9.9356557277, 9.981798455164999
9.3759825309, 9.930122215024998
9.9356557277, 9.930122215024998
9.9283746192, 9.929319990949997
9.9356557277, 9.929684046374998
9.9283746192, 9.929684046375002
9.9283746192, 9.905985982255
9.9356557277, 9.906350037680001
9.9283746192, 9.909762935205
9.9356557277, 9.909762935205
9.8527961661, 9.88228594843
9.9356557277, 9.88228594843
9.8601166687, 9.87850899548
9.8601166687, 9.874732042530002
9.8527961661, 9.870953119875002
9.8601166687, 9.86754022235
9.9283746192, 9.890347610434999
9.9356557277, 9.885870920299999
9.9283746192, 9.885870920299999
9.8527961661, 9.88172794222
9.9356557277, 9.88172794222
9.8527961661, 9.905568623979999
9.9356557277, 9.905568623979999
9.9283746192, 9.905568623979999
9.9283746192, 9.905204568555002
9.9283746192, 9.905204568554998
9.9356557277, 9.905568623979999
9.8601166687, 9.90179167103
9.9283746192, 9.901791671029999
9.4625380871, 9.878135788999996
9.8527961661, 9.878135788999996
9.9283746192, 9.877771733574999
9.9283746192, 9.881184631099998
9.8601166687, 9.8811846311
9.9283746192, 9.884963553754998
9.9283746192, 9.888376451280001
9.9283746192, 9.888376451280001
9.9283746192, 9.888012395855
9.9283746192, 9.888012395855
10.4023359016, 9.91548938263
10.4095073337, 9.939181962929998
9.9356557277, 9.94332494101
9.9283746192, 9.942960885584998
9.9356557277, 9.943324941010001
9.9356557277, 9.943688996435
10.4095073337, 9.96774563216
9.9661784055, 9.969271766050001
10.4095073337, 9.996741299300002
10.4388658254, 10.022265859609998
9.9661784055, 10.047447875529997
10.0324815564, 10.056432145044997
10.0251895304, 10.061272890604997
9.8301974716, 10.056364033224996
10.2870744189, 10.077711920734995
9.9865524241, 10.080620810979998
8.4682209052, 10.007613125279999
8.0447539304, 9.913432090839999
6.7194133114, 9.75298402545
6.5100044255, 9.582065515765
6.5182835056, 9.387862895965
6.3368213357, 9.184228596065001
6.3283458068, 9.003863100019998
6.9595360377, 8.855421170945
8.2216245943, 8.769719614275001
8.3222349174, 8.68904857376
9.5395560741, 8.64555101078
9.103209461, 8.602402563555
9.3023056008, 8.54704247691
9.9755979891, 8.523879085095
10.1646615689, 8.533803243265002
10.3688802332, 8.550623177105
9.9454804379, 8.546637722480002
10.5925253292, 8.58475411536
9.5201835219, 8.54640957051
10.0369165116, 8.548927774885
10.1646615689, 8.633749808069998
10.0073035594, 8.73187728952
9.8792950366, 8.88987137578
9.8792950366, 9.058335906335
9.6390559911, 9.214374530610002
9.6390559911, 9.37948626338
9.8081366452, 9.5534758053
10.4748395883, 9.729240982830001
9.4494278949, 9.790631147860001
10.1769524839, 9.883367026185
9.4399388033, 9.878386162644999
10.1414772277, 9.93029955098
9.4399388033, 9.937181211104999
10.4877429154, 9.962788457419997
10.7801531288, 9.993563035415
10.5373429122, 10.001986169364999
10.5406205344, 10.031743174190002
9.4776042885, 9.975997122155
10.5132440802, 10.025650150070001
10.8238405088, 10.064996349930002
11.4846098036, 10.130993761665001
9.9779233215, 10.12952474977
9.8467100993, 10.127895502905002
10.2518535963, 10.146523430890003
11.1492644156, 10.222033852115
12.8409989713, 10.382131001125
11.5572864748, 10.469588492605002
10.3021997894, 10.46095650266
10.9140456335, 10.53418738959
11.8732237413, 10.61900095246
11.4846098036, 10.721234502475
11.5303938294, 10.79068033256
11.8735114019, 10.91235896249
11.5572864748, 10.96583614046
11.8735114019, 11.020504054114998
12.2244298583, 11.10485840142
13.171321529, 11.236393451149997
13.5405131779, 11.43953889562
12.8287448505, 11.555313934134997
12.542199876, 11.641231902494999
12.499930405, 11.691997932564998
12.5366449344, 11.819934013209998
12.499930405, 11.952595028494999
13.2115486787, 12.100579782614998
13.171321529, 12.201682638285
12.5830418711, 12.188784783275
12.5830418711, 12.240072553089998
12.181247322, 12.33402492972
11.7985143238, 12.378248364235002
11.4846098036, 12.358817667350001
10.4771685875, 12.308445606545002
10.4491766724, 12.254384748695001
10.1229504854, 12.166856702870001
10.1769524839, 12.097840003325
9.9685125631, 12.002590061384998
9.9155419176, 11.88714566435
9.2490534764, 11.69103226172
9.6084011365, 11.49442665965
9.346221047, 11.320300469474999
9.3341988006, 11.159900415705
8.872520918, 10.978529941354997
8.865428358, 10.794969112535
8.6997295521, 10.604959069889999
7.583206792, 10.323541975554999
6.7194133114, 10.000946564674997
7.1726474833, 9.730426845284999
6.2982299894, 9.4161862512
6.5182835056, 9.133038060379999
5.8862422011, 8.837424454245
5.6468694841, 8.54553743827
5.263454151, 8.284851716445
6.1042883713, 8.067607301390002
6.7457924464, 7.8987493994400015
6.3267793394, 7.706240742215
6.9513575545, 7.555382991785
8.2216245943, 7.4706871256200005
8.6638519199, 7.441427047795
9.5395560741, 7.437984794675001
10.3166521469, 7.486506349669999
10.8243856555, 7.561015692414999
10.6937572378, 7.652077508405
9.7178041167, 7.69469629634
10.1498287789, 7.76720125768
9.9836438744, 7.8872231118
9.6791519804, 8.035210045250002
9.9444191007, 8.17379862612
10.0324815564, 8.360511204469999
10.5313023777, 8.561162148074997
10.4388658254, 8.788793329289998
10.5021824327, 9.031558976719998
10.4095073337, 9.288861635855
9.9283746192, 9.48006594825
9.9283746192, 9.639195056890001
9.9356557277, 9.819638876305
9.9661784055, 9.970379918855002
9.8908845186, 10.053842915070001
9.9283746192, 10.117069050035001
9.9283746192, 10.13650997729
9.9283746192, 10.117096100905002
9.9283746192, 10.07229554909
9.9356557277, 10.034390473585
9.9356557277, 10.045283054135002
9.9356557277, 10.034574401575002
9.9356557277, 10.03217499424
10.4095073337, 10.068692761905
9.9283746192, 10.06789053783
9.9356557277, 10.063049246395
9.9283746192, 10.032902858469999
9.9283746192, 10.007378298159997
9.9356557277, 9.979051962909997
9.9283746192, 9.954995327184998
10.0324815564, 9.960200674044994
9.9356557277, 9.960564729469997
9.9283746192, 9.960200674044998
9.4551368816, 9.934648597849996
9.9283746192, 9.936523102879999
9.9661784055, 9.938413292195
9.9661784055, 9.94030348151
9.8601166687, 9.936890583984999
9.9283746192, 9.936890583985
10.4095073337, 9.960583164285001
9.9356557277, 9.960583164285001
9.9283746192, 9.960219108859999
9.9283746192, 9.959855053434998
9.9283746192, 9.935798417709998
9.9356557277, 9.936162473135
9.8527961661, 9.932019495054998
9.8601166687, 9.92860659753
9.8601166687, 9.925193700005002
9.9283746192, 9.92482964458
9.9356557277, 9.925193700005
9.9356557277, 9.92035240857
9.9356557277, 9.92035240857
9.9283746192, 9.920352408569999
10.4023359016, 9.967712359569997
9.9356557277, 9.968076414994998
9.9356557277, 9.966550281104997
9.9356557277, 9.965024147214997
9.9356557277, 9.968801100164999
10.4174287307, 9.99325380574
9.9356557277, 9.969561225439998
9.9356557277, 9.969561225439998
9.4625380871, 9.946269398834996
9.9283746192, 9.946269398835
9.9283746192, 9.946269398835
9.9283746192, 9.945905343409999
9.9356557277, 9.950048321489998
10.0251895304, 9.958301964574998
9.9283746192, 9.9617148621
9.9356557277, 9.962078917525002
9.9661784055, 9.963605051415001
9.8601166687, 9.959828098465001
9.9661784055, 9.961354232355001
9.9283746192, 9.961354232355003
9.9283746192, 9.937656168235003
9.9356557277, 9.937656168235002
10.0324815564, 9.942497459670001
9.8527961661, 9.93835448159
9.9283746192, 9.937990426165
9.9356557277, 9.913901776014999
9.9283746192, 9.913537720590002
9.9283746192, 9.913173665165
9.9356557277, 9.936829547195
9.9283746192, 9.936829547195
9.9283746192, 9.936829547195
9.9283746192, 9.936829547195
9.9356557277, 9.936829547195
9.9283746192, 9.931988801634997
9.9356557277, 9.932352857059998
9.9356557277, 9.932352857059998
9.9283746192, 9.930462667744997
9.9356557277, 9.934239620695
9.9356557277, 9.932713486805
9.9283746192, 9.932713486805
9.9356557277, 9.93307754223
9.9356557277, 9.933077542229999
9.9356557277, 9.928236250794999
9.9283746192, 9.932015173449997
9.9356557277, 9.932379228874998
9.9356557277, 9.932379228874996
9.9356557277, 9.932743284299997
9.9283746192, 9.932743284299999
9.9356557277, 9.932743284299997
9.9356557277, 9.933107339724998
9.9283746192, 9.933107339725002
10.0324815564, 9.938312686585002
9.3759825309, 9.910329026745
9.9356557277, 9.910693082170003
9.9283746192, 9.910329026745
9.9283746192, 9.909964971319999
9.8527961661, 9.906186048665
9.9356557277, 9.906186048665
9.9356557277, 9.906186048665
9.9283746192, 9.906186048665003
9.4551368816, 9.88216010636
9.9283746192, 9.881796050935003
9.9283746192, 9.881431995510003
9.9356557277, 9.881796050935
9.9283746192, 9.881431995510003
10.0627313161, 9.88778577493
9.9283746192, 9.887421719505
9.9283746192, 9.887421719505
10.0324815564, 9.892263010939999
10.1426925695, 9.902614853029998
10.0324815564, 9.90782019989
10.1498287789, 9.913687561015
9.2254364558, 9.906160257260002
8.4682209052, 9.832788516135
8.3096433955, 9.751851954950002
7.855945607, 9.64823050434
7.4056756187, 9.52587447697
7.855945607, 9.421888970935
7.7050821936, 9.31036029423
7.3976716999, 9.183825148264999
7.3976716999, 9.08095188918
8.4682209052, 9.007944203480003
7.855945607, 8.904322752870002
8.7662959869, 8.845854765830001
8.3096433955, 8.764918204645001
8.5103919827, 8.687301237974998
8.4756823926, 8.614666626644999
8.6638519199, 8.551440491680001
9.1004487768, 8.5048388527
8.865428358, 8.440975642125
8.865428358, 8.382622982205001
9.5132844071, 8.350795763615
9.346221047, 8.356834993175001
9.6084011365, 8.41384400474
9.6017965694, 8.478451663435
9.8857991933, 8.57994434275
9.8792950366, 8.703625313645002
9.8792950366, 8.804792785124999
9.8019577249, 8.90963656169
9.7755718666, 9.028531570024999
10.1337845418, 9.165337212119997
10.4809068424, 9.265971508979998
10.1769524839, 9.382021852824998
10.4809068424, 9.4677523956
10.4748395883, 9.57601220524
10.4491766724, 9.672951439725
9.4704216237, 9.72268840128
9.9279054694, 9.785891078754998
10.6086351983, 9.861300399829998
9.5250783566, 9.89428289976
9.8467100993, 9.943346986825
10.8163098943, 10.008498261185
10.1414772277, 10.04826107022
10.3746671629, 10.08657437154
11.4846098036, 10.18071503325
12.499930405, 10.311421593835002
11.1492644156, 10.374920062785002
11.1492644156, 10.438418531735001
11.1318671947, 10.504914005225
12.1684887681, 10.624559850299999
12.6273969891, 10.749240472664999
11.5303938294, 10.801714822014999
10.8911308035, 10.837423737995
11.4846098036, 10.887608886054998
12.5974387309, 10.993738843185
12.199957945, 11.081277906814998
12.181247322, 11.21681919173
12.8287448505, 11.361861160784999
12.2120202264, 11.442030412189999
13.2946992945, 11.630511459084998
13.2073472196, 11.798543315099996
12.9417889119, 11.904817265979997
13.2368924367, 12.059588026429996
12.5366449344, 12.167686915004998
12.5366449344, 12.220288671544997
12.5366449344, 12.222124398014998
11.8288362099, 12.256102987729998
12.156573465, 12.306468440199998
11.8288362099, 12.341316890959998
12.181247322, 12.341954818655
11.7965047896, 12.300410208679999
11.4589412796, 12.296837581189997
10.7801531288, 12.291288697454998
10.7907068763, 12.256593551089997
10.5090409391, 12.152173661499997
9.5059283366, 12.017472181079999
9.9685125631, 11.906835443134998
9.9685125631, 11.763823828764998
10.0894743461, 11.657696534749999
9.3777282206, 11.461847981054998
9.3777282206, 11.270367031105
8.872520918, 11.066903631409998
8.2216245943, 10.816140239289997
8.6638519199, 10.622500588564998
7.7922365185, 10.385280167769999
7.1481668979, 10.115856265945
6.7457924464, 9.86170407777
6.5372754822, 9.580739178630001
6.7457924464, 9.326586990455
6.5100044255, 9.043024845629999
6.5100044255, 8.778699827425
6.5100044255, 8.53125298472
6.5182835056, 8.31815950356
6.0746937281, 8.08235884615
6.0746937281, 7.8606414856
6.2982299894, 7.70025656824
6.2982299894, 7.516742439555
6.9538635772, 7.366009990259999
8.0447539304, 7.263773969475001
10.1687675345, 7.303325935170001
10.8961102459, 7.379245036435
11.8013784199, 7.525687911530001
11.5748890353, 7.69335113358
11.1084608155, 7.815581578360001
10.0324815564, 7.927593830255001
10.0251895304, 8.071444961880001
9.5639164054, 8.212351159830002
8.982737045, 8.33462423797
9.4625380871, 8.470461520005
10.0627313161, 8.648097864535
10.4095073337, 8.843073009945
10.8839970424, 9.06177264079
10.4095073337, 9.256333832194999
10.4174287307, 9.473470582324998
10.5021824327, 9.694845017554998
9.5639164054, 9.858129338355
9.4625380871, 10.016344743240001
9.9356557277, 10.165434350765
9.9356557277, 10.259979440630001
9.9356557277, 10.248323850290001
9.9661784055, 10.20182725827
10.4095073337, 10.13223370396
9.9356557277, 10.050272038580001
9.8527961661, 9.98748880611
9.9356557277, 9.982647514675
9.4551368816, 9.954144882235
10.0627313161, 9.97908562777
9.9661784055, 10.028257695795002
9.9283746192, 10.0515495224
9.9356557277, 10.04519574298
9.9283746192, 10.021139107255001
9.9356557277, 9.973722041520002
9.9356557277, 9.950029461220002
9.9356557277, 9.925940811070001
9.9356557277, 9.897614475820001
9.9356557277, 9.916201441935
9.9661784055, 9.941383457855
9.9356557277, 9.941383457855
9.4551368816, 9.91735751555
9.9356557277, 9.91735751555
9.9356557277, 9.91583138166
9.9356557277, 9.89213880136
9.9356557277, 9.89213880136
9.9356557277, 9.896281779439999
10.0324815564, 9.901123070874998
9.9283746192, 9.924784957755001
9.9356557277, 9.918431178335002
9.4551368816, 9.89287910214
9.9356557277, 9.893243157565001
9.9356557277, 9.893243157565001
10.4388658254, 9.918767717875003
9.9356557277, 9.918767717875001
9.9283746192, 9.91840366245
9.9283746192, 9.918039607025001
9.9283746192, 9.917675551600002
10.4023359016, 9.941009560295
9.9356557277, 9.939483426405001
9.9283746192, 9.939119370980002
9.9356557277, 9.963145313285002
9.9356557277, 9.963145313285002
9.4625380871, 9.939489431255002
9.9356557277, 9.939489431255002
9.9356557277, 9.939489431255002
9.9356557277, 9.939489431255002
9.9661784055, 9.936174273710003
9.9356557277, 9.936538329135
9.9356557277, 9.936538329135
10.4095073337, 9.98425685174
9.9356557277, 9.98425685174
9.9356557277, 9.984256851739996
9.9356557277, 9.959096346854997
9.9356557277, 9.959096346854997
10.0324815564, 9.964301693714997
9.9444191007, 9.96510391779
9.9356557277, 9.965467973215002
9.9356557277, 9.942133964520002
9.9356557277, 9.942133964520002
9.9283746192, 9.94213396452
9.9356557277, 9.942133964520002
10.0627313161, 9.948487743940001
9.9283746192, 9.971779570545001
9.9356557277, 9.971779570545001
9.9356557277, 9.971779570545001
9.9356557277, 9.971779570545
9.9283746192, 9.96988938123
10.0324815564, 9.974730672665
9.9356557277, 9.974730672665
10.0324815564, 9.955879383800003
10.4023359016, 9.979213392495002
10.0627313161, 9.985567171915001
9.9356557277, 9.985567171915001
9.9356557277, 9.985567171915001
9.9356557277, 9.980725880480001
9.9356557277, 9.980287711830002
9.8527961661, 9.976144733750004
9.9283746192, 9.975780678325004
9.9283746192, 9.975416622900003
9.9356557277, 9.975780678325002
9.9356557277, 9.975780678325002
10.0324815564, 9.974268190340002
9.9356557277, 9.974632245765003
9.9661784055, 9.976158379655
9.9356557277, 9.976158379655
9.9356557277, 9.976158379655
9.9356557277, 9.976522435080001
9.9356557277, 9.971681143645004
9.9356557277, 9.971681143645002
9.9356557277, 9.966839852210002
9.9356557277, 9.943505843515002
9.9283746192, 9.936788008670002
9.9661784055, 9.93831414256
9.9283746192, 9.937950087134999
9.9356557277, 9.937950087134999
9.9283746192, 9.937586031710001
9.9283746192, 9.941364954365
9.9283746192, 9.941364954365
9.9283746192, 9.941364954365001
10.0324815564, 9.946206245800001
10.0324815564, 9.951047537235002
9.9283746192, 9.945842190375002
10.0324815564, 9.950683481810001
10.0251895304, 9.953634038055004
10.1426925695, 9.963985880145003
9.6867110399, 9.951538645755003
10.1797089452, 9.963741306630002
9.368509018, 9.935383971145
9.3757466401, 9.907388516765
8.3020692872, 9.825709194739996
8.3096433955, 9.744408578129997
7.855945607, 9.640787127519996
7.4056756187, 9.512761988179998
6.7894530803, 9.355815911234998
7.7429094751, 9.246178598604999
6.7812026677, 9.088820001029998
7.3976716999, 8.962284855064999
6.3283458068, 8.782283414444999
7.2457575256, 8.648152559765
7.4447138427, 8.518764174080001
8.0673959473, 8.420509893625
8.872520918, 8.367717208565
8.6977752707, 8.300981894280001
8.5103919827, 8.225242016895
8.9645691503, 8.166335845934999
9.1004487768, 8.13702273278
9.1004487768, 8.083059724360002
9.1004487768, 8.0696567123
9.7860458291, 8.09017167175
9.1004487768, 8.130090646229998
10.1646615689, 8.222841554899999
10.0073035594, 8.330409452519998
10.0369165116, 8.461971497164999
10.1769524839, 8.631346467344999
9.8193223901, 8.735167113094999
9.7695393238, 8.884583945899998
10.4596686687, 9.03768379434
10.7857711477, 9.260555061385
11.4533803591, 9.470936203059999
10.174956826, 9.607448352224997
10.5898321559, 9.733570162654997
11.5572864748, 9.867808440495
12.181247322, 10.041982043059999
10.5132440802, 10.142124647934999
11.4589412796, 10.2668432544
13.5405131779, 10.488846474454999
11.5959137152, 10.613619721375
10.5373429122, 10.685464428145
11.8038430284, 10.786354288109997
11.8521235452, 10.92393802653
11.8217050534, 11.006790200755
11.4846098036, 11.080655512965
11.4846098036, 11.153040177565
11.8735114019, 11.237868123465
11.4846098036, 11.321132494139999
11.4589412796, 11.40560259193
12.262159442, 11.495727130595
12.199957945, 11.566436470460001
11.4846098036, 11.567997942685
12.4941754546, 11.683958874114998
12.8409989713, 11.796517214884998
12.9417889119, 11.865742336739997
12.274345099, 11.870397225589999
11.8732237413, 11.938396208644997
12.8511015952, 12.008004224424997
12.1569841038, 11.938827770719998
11.7965047896, 11.948857324439997
12.2244298583, 12.033211671744997
11.8288362099, 12.034461330819997
11.5959137152, 12.02165083932
10.8163098943, 11.971381081365
11.4863996522, 11.971470573795
10.8430737238, 11.939393769804997
10.7857711477, 11.885006757094997
9.8178928294, 11.801670908384999
10.4877429154, 11.753110990175
9.8583528371, 11.632920659929997
10.4491766724, 11.5453815963
10.8723323501, 11.514767723624999
10.2059085524, 11.400354378514999
9.5366136469, 11.235135112294998
9.8857991933, 11.082335626365
9.8857991933, 10.96290833108
10.8530731394, 10.911900800984998
11.0726995629, 10.82298069937
10.8530731394, 10.75778515115
9.6390559911, 10.649912711224998
9.0934851636, 10.493365476489998
9.0934851636, 10.356597924174997
8.4410981478, 10.198857145804997
8.0447001342, 10.060276657799998
7.3692434788, 9.854418849129997
6.9793502455, 9.661232675214999
6.7194133114, 9.457914783399998
6.0831856432, 9.271179424089999
6.0831856432, 9.050951560479998
4.5749939639, 8.78678361682
5.263454151, 8.52749749075
5.2372019715, 8.24574097182
5.8862422011, 8.029757654255
6.5100044255, 7.878427193185
6.9513575545, 7.731705111245001
8.3020692872, 7.652518615940001
9.368509018, 7.578290409870002
10.2870744189, 7.539009152670002
10.8243856555, 7.537574778475
11.1399134741, 7.6126176526250005
11.3506518214, 7.7254759855150015
10.7746046577, 7.809531960219999
10.1583989157, 7.895396998615001
9.9836438744, 7.992344185625001
9.0448086442, 8.076122443895
8.9902702885, 8.176668446045001
10.0324815564, 8.342321858295
10.5313023777, 8.56472769502
9.9356557277, 8.757351199244999
10.0324815564, 9.030225578869999
10.0410585418, 9.26910579841
10.0251895304, 9.508505176355001
10.509932065, 9.739689669550001
9.9356557277, 9.91097223466
9.9356557277, 10.06018714332
10.0324815564, 10.14670775678
9.9356557277, 10.175065092265001
10.495090052, 10.18546587392
10.0251895304, 10.145506067665
9.9444191007, 10.085731348995
9.9283746192, 10.014617488885
9.9356557277, 9.972670042385001
9.9283746192, 9.96116882756
10.4095073337, 9.982462000525
9.9356557277, 10.0270043547
10.0251895304, 10.078750316794999
10.0324815564, 10.078750316795
9.9356557277, 10.048967984295
10.0197629757, 10.053173346695
9.8908845186, 10.046093494805001
9.9661784055, 10.042349487990002
10.8769261439, 10.084936318665001
11.8403678431, 10.151458107570003
11.6200222965, 10.235676436010003
11.3992201996, 10.308854659605002
9.9444191007, 10.30445153682
9.4551368816, 10.280425594514998
9.0965885408, 10.210500518955001
8.6651801285, 10.142500048860002
9.5639164054, 10.123474914095002
10.1426925695, 10.13419081161
10.1583989157, 10.14532797101
10.0324815564, 10.150533317869998
10.5021824327, 10.15516707282
10.0324815564, 10.160008364254999
10.1157880865, 10.164538292059998
9.5954027435, 10.142684351415
9.9356557277, 10.142684351415
10.0324815564, 10.143320280449998
10.4023359016, 10.168892849599999
9.9356557277, 10.16736671571
9.9283746192, 10.119939139475
9.4551368816, 10.0006775914
9.5639164054, 9.897872296845
10.0251895304, 9.829170763385
9.556513574, 9.80977548705
10.0251895304, 9.838278119489999
10.0251895304, 9.884708168969997
9.5734007422, 9.930119199655
9.6794986079, 9.93589830978
9.5639164054, 9.906959501574999
9.5639164054, 9.87723537606
10.0324815564, 9.877235376060002
9.5954027435, 9.8318963916
10.0324815564, 9.8318963916
9.9283746192, 9.822525718235001
10.8769261439, 9.886601888255
9.9283746192, 9.88623783283
10.0251895304, 9.885873231529999
10.0251895304, 9.86701591297
10.0324815564, 9.871857204405
9.4551368816, 9.848195317525
10.0324815564, 9.877062551265002
10.1498287789, 9.906358169940003
10.0251895304, 9.90635816994
10.0324815564, 9.93015656906
9.5639164054, 9.90709291281
9.9356557277, 9.902616222674997
10.0324815564, 9.925570263384998
9.9356557277, 9.938378119374999
9.9356557277, 9.95696508549
9.9283746192, 9.975187996179999
9.9283746192, 9.96998264932
9.9356557277, 9.986995298530001
10.0251895304, 9.986630697230002
9.9356557277, 9.986994752654999
10.0324815564, 9.944772523280003
10.0324815564, 9.949977870140001
10.5021824327, 9.973827515255
10.0251895304, 9.973827515255
10.0324815564, 9.973827515255
10.0324815564, 10.002694748995001
9.5639164054, 9.979266491445001
9.6867110399, 9.956110604495
9.9283746192, 9.951269858935001
10.0324815564, 9.951269858935001
10.1426925695, 9.980208667140001
10.1583989157, 9.991345826540002
10.1426925695, 9.996856377195002
10.1583989157, 10.007993536595
10.1498287789, 10.018702189155002
9.5639164054, 10.000479278465003
9.2578294065, 9.966952017830003
8.7260639747, 9.906472430180003
7.1537381739, 9.762899862355003
7.7050821936, 9.651371185650001
7.104879234, 9.504991069530002
8.2285894302, 9.414796463220002
9.1071691875, 9.345045800960001
10.0410585418, 9.34583925153
9.5734007422, 9.322885210819999
8.0410621668, 9.223314241339997
8.3020692872, 9.16022188543
7.6971853927, 9.060745603069998
8.3096433955, 8.979809041885
8.3096433955, 8.893667133840001
8.6977752707, 8.8214212689
8.3020692872, 8.728604787474998
8.2290344762, 8.632921882809999
8.6638519199, 8.558194533020002
8.9056940572, 8.495987796935001
8.6977752707, 8.4526807402
8.6564561155, 8.42261207565
9.0959504446, 8.441106399145
9.2952924914, 8.54818411502
9.5132844071, 8.638594225695
9.7556207229, 8.77113130014
8.9371885893, 8.806561258094998
10.1646615689, 8.859435877164998
9.3777282206, 8.826269361104996
9.8081366452, 8.838006156254997
9.8857991933, 8.930243007579998
9.5059283366, 8.990435960049998
9.8019577249, 9.095674576659999
10.4748395883, 9.2039343863
10.4433773857, 9.31062108581
11.4680295661, 9.44913380058
11.1262828065, 9.590344476545
10.1517705145, 9.68648127846
11.3594848545, 9.82126292519
11.6809777129, 9.960027107975
11.26401837, 10.08833926294
9.11734854, 10.111383884165
11.4701540848, 10.230094066175
12.6273969891, 10.39669929106
11.1580811437, 10.47893912789
10.2258481839, 10.502450500939998
10.7965335326, 10.595417748104998
12.5241561764, 10.71339247848
11.8969530435, 10.839353719624999
11.2049933409, 10.90919655441
11.4589412796, 10.987853658725
11.8038430284, 11.102749393314998
11.1492644156, 11.17011472785
12.199957945, 11.256370645684997
11.9302515062, 11.330714351709998
11.5118814383, 11.33290694532
11.1964157787, 11.336413593929999
12.2120202264, 11.439426079525
12.8825043784, 11.51557705572
11.8288362099, 11.52296998057
12.9886766966, 11.609202896899998
12.9886766966, 11.802769304729997
13.2368924367, 11.891106222324996
13.1962513378, 11.919548939759999
12.464730975, 11.984881431324999
11.8038430284, 12.063781173549998
12.199957945, 12.133952394169999
12.5974387309, 12.137616521894996
12.5666394299, 12.171100841214997
12.8409989713, 12.252901122734999
11.1228218875, 12.236095153129998
11.4589412796, 12.218850065689999
10.4877429154, 12.185773990680001
11.4846098036, 12.15000658361
10.4491766724, 12.075952841920003
10.4491766724, 12.022817603625
10.5090409391, 11.988448861645
9.8379435559, 11.86974502812
9.16727815, 11.6839837167
9.8081366452, 11.582948738465
9.6084011365, 11.41393496046
9.6084011365, 11.244921182454998
9.1327500924, 11.03971406524
9.5513953248, 10.85747126459
9.346221047, 10.701545768189998
9.1327500924, 10.567991121389998
9.1004487768, 10.413015662979998
8.865428358, 10.226415144334998
8.865428358, 10.04135459074
8.2216245943, 9.810385871889999
8.461282599, 9.677308907465
7.8144437633, 9.495084031649998
7.855945607, 9.36349416623
6.5100044255, 9.114763897325
6.5100044255, 8.91780528498
6.5100044255, 8.720846672635
6.5100044255, 8.520894846954999
5.0109274611, 8.279544042214999
5.1612509201, 8.079242680719998
5.4940923545, 7.863540466184999
6.0746937281, 7.686855095764999
8.023510516, 7.60761056474
9.368509018, 7.61939851102
10.8035010922, 7.68200379939
11.0570268902, 7.767544091549999
12.128180817, 7.917315627780001
11.669475759, 8.04576697689
10.6145484223, 8.133222980105002
10.5021824327, 8.215060683839999
9.4722268575, 8.277590796999998
9.0009806427, 8.304575699185
9.9283746192, 8.41027224198
9.9356557277, 8.514257748015
10.5021824327, 8.713866648375
10.6145484223, 8.919093848214999
10.6145484223, 9.124321048054998
10.0251895304, 9.3000803033
10.0324815564, 9.551158008064998
10.0324815564, 9.794719539879999
10.0410585418, 10.022067849245
10.1498287789, 10.225824601785002
10.0324815564, 10.326273153805001
10.0627313161, 10.360984268710002
10.0324815564, 10.322433291920001
9.4625380871, 10.242708851764998
9.9283746192, 10.132718541875002
10.0251895304, 10.050504230445002
9.9283746192, 10.016195540290001
9.9356557277, 9.987869205040003
10.1426925695, 10.021392490640004
9.9356557277, 10.068126244890001
9.9283746192, 10.068126244890003
9.9356557277, 10.068126244890001
9.9356557277, 10.039799909640001
9.9356557277, 10.005855274910001
9.9661784055, 9.97343677407
10.0627313161, 9.975313863355002
9.9356557277, 9.97047257192
10.0251895304, 9.970107970619999
9.9283746192, 9.964473774490001
10.0251895304, 9.958241812065001
9.9283746192, 9.953036465204999
9.9444191007, 9.947120854435001
9.556513574, 9.923322455315
10.0251895304, 9.95145502748
9.9283746192, 9.951455027480002
9.556513574, 9.92802122966
8.1669175091, 9.839948374155004
10.0251895304, 9.844425064290002
9.5639164054, 9.815486256085
10.0324815564, 9.820327547520003
10.0324815564, 9.82553289438
9.5639164054, 9.806945928265003
10.0324815564, 9.811787219700003
9.5954027435, 9.794774570490002
10.0324815564, 9.798089728035004
10.0251895304, 9.796212638750003
10.0251895304, 9.800689328885003
10.0410585418, 9.801482779455004
10.0324815564, 9.806688126315002
10.0251895304, 9.806688126315
10.0324815564, 9.811893473175001
10.0324815564, 9.81629659596
10.0251895304, 9.83973039378
9.4625380871, 9.811597821615
10.0627313161, 9.81831565646
9.9356557277, 9.837272764145
9.9283746192, 9.925345619649999
10.5021824327, 9.949195264764999
10.0324815564, 9.972623522315
9.9356557277, 9.967782230880001
10.0324815564, 9.967782230880001
9.9283746192, 9.98600514157
9.9356557277, 9.981163850135001
10.0251895304, 10.002653189480002
9.9283746192, 9.997447842620002
9.9356557277, 9.992971152485001
10.0251895304, 9.992971152485001
9.9283746192, 9.987336956355001
10.0324815564, 9.987336956355003
10.0324815564, 9.987701557655003
10.0324815564, 9.987701557655003
10.0324815564, 9.987701557655003
10.0251895304, 9.987701557655
9.9283746192, 10.01099338426
10.0324815564, 10.009480896274999
9.9356557277, 10.009480896275003
10.0324815564, 10.014686243135003
10.0324815564, 9.991201199320003
9.9356557277, 9.986359907885003
9.4551368816, 9.962333965580005
10.0324815564, 9.962333965580005
10.0324815564, 9.967539312440003
10.0324815564, 9.972380603875003
10.0324815564, 9.972745205175002
10.0324815564, 9.977950552035
9.9661784055, 9.979476685925
10.0251895304, 9.979476685925002
10.0324815564, 9.984682032785
10.0324815564, 9.984682032785
10.0251895304, 9.984317431485
9.9283746192, 9.979112084625003
10.0251895304, 9.978747483325002
10.0324815564, 9.979112084625001
10.0251895304, 9.983952830185
10.0251895304, 9.983588228885
10.0324815564, 9.98842952032
10.1498287789, 9.994296881444999
9.556513574, 9.970498482325
10.0324815564, 9.97533977376
10.0251895304, 10.0038424062
9.5639164054, 9.98041414865
10.0324815564, 9.98041414865
10.0324815564, 9.980414148650002
9.5639164054, 9.9569858911
10.1498287789, 9.962853252225003
10.1426925695, 9.971678960425
9.2181136818, 9.931325167995002
9.0891385048, 9.884158015415
7.6971853927, 9.767393207230002
8.1669175091, 9.674479606165002
7.2376786361, 9.539944807010002
8.1591846651, 9.446644563745
8.6651801285, 9.378279492350002
10.0324815564, 9.378644093650001
9.6794986079, 9.361359547525002
8.1591846651, 9.267694702960002
8.3096433955, 9.175685433790001
7.855945607, 9.090657035440001
7.4056756187, 8.959316738555
6.9513575545, 8.80562513976
6.7194133114, 8.66339998506
6.9595360377, 8.509752709125
8.2216245943, 8.419209861019997
8.023510516, 8.342189566550001
8.6638519199, 8.267890723599999
9.3341988006, 8.227466035154999
9.390633641, 8.236092033114998
9.5779479942, 8.260532507584998
10.1646615689, 8.383906316395
10.4066192877, 8.495891405325
10.6011530335, 8.664065125195
10.4066192877, 8.776436856325
10.6700253514, 8.876679117470001
10.5548159515, 8.902795837224998
10.698074423, 8.953724627979998
10.1769524839, 9.054613018919998
10.1872798887, 9.148494843579998
9.8792950366, 9.249662315059998
9.5059283366, 9.354674950954998
10.4809068424, 9.531152415349997
10.277130004, 9.709038249979999
8.8584126535, 9.803982080769998
9.11734854, 9.848768278055
10.7857711477, 9.986881309640001
11.4846098036, 10.127919203825
9.8757127267, 10.154994900130001
9.5619299893, 10.163559717545
12.86432185, 10.327878410335
13.1797790607, 10.478634284925
10.8911308035, 10.502859860715002
9.6448511803, 10.455044768055
11.4533803591, 10.507382821625
14.3903865667, 10.69340088239
12.9886766966, 10.815093919645001
12.262159442, 10.893298170595
11.9369344377, 10.981297268285001
11.4846098036, 11.04616376403
11.7965047896, 11.14202425168
12.156573465, 11.274556508099998
12.8825043784, 11.3946363849
11.9302515062, 11.477292460010002
12.8409989713, 11.6764217759
11.8663831242, 11.813873505110001
12.2120202264, 11.885185959045002
11.8217050534, 11.902040721535
12.156573465, 12.016083758450002
12.8825043784, 12.182112477905
12.8287448505, 12.18033362793
12.1684887681, 12.1297691133
11.8217050534, 12.176297825795
12.199957945, 12.30405316403
11.8217050534, 12.322469398744998
11.5303938294, 12.17946976188
11.1964157787, 12.089856715985
11.4846098036, 12.050979234065
10.8238405088, 11.99532453762
10.4491766724, 11.94355288106
10.7965335326, 11.89355431821
10.4771685875, 11.809584074335
10.4809068424, 11.689504197534998
10.1229504854, 11.599139146494998
10.1517705145, 11.464677723654999
9.8857991933, 11.36564852711
10.3030045953, 11.270197745554999
10.3030045953, 11.194262722649999
10.0073035594, 11.086799227369998
9.3777282206, 10.911560419479997
9.1004487768, 10.725145615794998
8.4482735449, 10.539134854634998
9.1120152573, 10.403650364829998
8.2216245943, 10.204733697295
8.865428358, 10.056919862524998
8.2216245943, 9.89148140077
8.023510516, 9.732836137635
8.5087261802, 9.584041956464999
7.1726474833, 9.401482305189997
6.5372754822, 9.20588724568
6.3283458068, 8.98247785939
6.0831856432, 8.762778712174999
4.5847430124, 8.467970520675001
5.2372019715, 8.22368309498
4.8874159491, 7.960465366709999
5.497557454, 7.7410532797450005
6.5100044255, 7.551403271254999
7.8481948561, 7.428662784295
9.9935428898, 7.427974750814999
11.2000392437, 7.519090301969999
11.669475759, 7.647541651079999
12.2669841746, 7.838477182564999
11.0806684221, 7.936909840805001
10.1583989157, 8.033748556875
9.5639164054, 8.068672959245
8.982737045, 8.106728581779999
9.4625380871, 8.178679960335
9.4943385657, 8.22796057961
10.0410585418, 8.371381132535
10.0251895304, 8.545776834945
10.0410585418, 8.731412471695002
10.0251895304, 8.928512666055001
9.9283746192, 9.195694246395
10.0251895304, 9.43509362434
9.9283746192, 9.687141557844999
10.0251895304, 9.913523161665001
10.0251895304, 10.089282416909999
10.0410585418, 10.198925601194999
9.9283746192, 10.195667187664998
9.4551368816, 10.108422069559996
9.9356557277, 10.021731067994997
9.9356557277, 9.905164645649998
9.9283746192, 9.847549955504999
9.9356557277, 9.836412796105
10.4095073337, 9.87869234252
9.9661784055, 9.927864410545
9.9356557277, 9.951520292575001
9.9283746192, 9.973222095250003
10.0324815564, 9.972793245980004
10.0251895304, 9.972793245980002
9.5639164054, 9.94893613916
9.9283746192, 9.944095393600003
9.9283746192, 9.944095393600001
9.556513574, 9.92066159578
9.9283746192, 9.92066159578
9.8527961661, 9.912041927565003
10.0251895304, 9.912041927565003
9.9283746192, 9.906407731435001
9.9661784055, 9.90829792075
9.9661784055, 9.933849996945
9.9356557277, 9.933849996945
10.0324815564, 9.93869128838
9.9283746192, 9.93869128838
9.4551368816, 9.914665346075001
9.9283746192, 9.89060871035
9.9444191007, 9.88952074511
10.0251895304, 9.893997435245002
10.0410585418, 9.899631631375
10.0251895304, 9.899267030074999
9.9283746192, 9.894426284515001
10.0410585418, 9.918283391335
10.0251895304, 9.923124136895002
9.5639164054, 9.904901226205002
10.0251895304, 9.928335024025
10.1498287789, 9.93940773201
9.6794986079, 9.9307428541
10.0324815564, 9.9311074554
10.0251895304, 9.935948200959999
10.0251895304, 9.938898757205001
10.0324815564, 9.942213914750003
10.5021824327, 9.970540250000003
9.556513574, 9.946741850880002
9.6794986079, 9.934298050315004
10.0251895304, 9.962800682755002
10.0251895304, 9.967641428315002
10.0251895304, 9.971679949800002
10.0251895304, 9.971679949800002
10.0324815564, 9.97125110053
10.0324815564, 9.97161570183
9.9356557277, 9.971979757255003
9.4625380871, 9.943053734520003
10.0324815564, 9.943418335820002
10.1426925695, 9.972357144025002
10.0251895304, 9.972357144025002
10.0251895304, 9.966125181600002
10.0324815564, 9.983774329025001
10.0251895304, 9.983409727725002
9.9283746192, 9.978568982165003
9.9661784055, 9.975618425920002
9.9356557277, 9.970777134485003
10.0251895304, 9.946927489370001
10.1426925695, 9.976236439145001
10.0324815564, 9.993885586570002
10.1426925695, 9.999760738525001
9.556513574, 9.976326940705002
10.1426925695, 9.98220209266
9.368509018, 9.949368067040002
8.1591846651, 9.855703222475002
8.3096433955, 9.769561314430003
7.6971853927, 9.65763779768
7.7050821936, 9.569765003005
7.7050821936, 9.453395034865
8.0854077114, 9.35053079196
7.7429094751, 9.236416789195
7.855945607, 9.127954593025002
6.8070163111, 8.96668133076
7.855945607, 8.858219134590001
7.8481948561, 8.754210146435002
7.8481948561, 8.648310968965003
8.4756823926, 8.575312302210001
8.6638519199, 8.507245421685003
9.3757466401, 8.468898125215002
10.1756717267, 8.476057633730003
10.1756717267, 8.477706591590001
10.6181184134, 8.53078683356
10.8101766054, 8.564161035354996
10.6209880543, 8.626784987169998
10.2007136937, 8.728861438599996
10.1713019825, 8.821944367949998
10.6209880543, 8.968134501029997
10.1713019825, 9.091445490474998
9.7556207229, 9.19397241694
10.698074423, 9.32460575252
9.8857991933, 9.43175023843
9.2107765286, 9.49949178451
9.4994122476, 9.634111581334999
9.1336270435, 9.69799565316
9.1486538332, 9.763018602014998
10.192833916, 9.880250555009997
9.8052468097, 9.946728775864997
10.4877429154, 10.037923325639998
10.2518535963, 10.08172867345
10.9140456335, 10.11864736879
10.5373429122, 10.136730928065
9.9779233215, 10.10472117347
10.1229504854, 10.070359867470001
12.8587139501, 10.182246162260002
11.8038430284, 10.262402628995002
9.5619299893, 10.231934029335001
10.0294095743, 10.202355105335
12.5666394299, 10.322121977705
12.5894159642, 10.46381173977
11.2049933409, 10.489157685665
11.4064616586, 10.565190808930002
12.2244298583, 10.715873475415
12.2862488616, 10.855215306115
12.6431833021, 11.030693119044999
13.5405131779, 11.250286086280001
13.88147722, 11.434718251479998
12.2862488616, 11.558768354075
12.6431833021, 11.66654037341
12.9292031993, 11.80040785356
12.322707119, 11.870840927834998
13.2946992945, 12.008708746950001
13.1439525064, 12.167010206195
12.156573465, 12.268691355174997
11.8217050534, 12.21684091034
11.9369344377, 12.223495480805001
11.5303938294, 12.32191867281
11.4846098036, 12.394678684275
11.4846098036, 12.34057720296
11.1318671947, 12.267699764484998
10.812895866, 12.24809489074
10.8612237211, 12.220832993864999
10.7965335326, 12.149438177579999
10.1128564219, 12.040768555594997
9.4494278949, 11.881080785235
10.1229504854, 11.710202650609999
9.5059283366, 11.491425206439999
9.8857991933, 11.371402723025
10.2741017559, 11.252948645714998
10.8186773485, 11.147422353175
10.4066192877, 11.051617961609999
10.4418401257, 10.908975003170001
9.1004487768, 10.706799816689998
9.1004487768, 10.553993582279997
9.1004487768, 10.417930768449999
8.865428358, 10.264355464465
9.0934851636, 10.142510031174998
8.6564561155, 10.00110234677
8.6759192487, 9.860667819025
8.0447539304, 9.70631215581
6.5995768357, 9.495646204295
6.5372754822, 9.27944879235
5.0015474345, 8.989699487444998
4.8874159491, 8.728427463804998
4.3648346372, 8.474197800919999
5.0109274611, 8.218596649704999
6.5182835056, 8.069214408154998
6.7273956283, 7.911294229904999
7.7997582552, 7.787577054869999
8.9240925752, 7.692847816205
9.9865524241, 7.671844473025
11.7164743246, 7.73557618297
12.6500674974, 7.913057118999999
11.9567427057, 8.055871815445
10.0410585418, 8.102902303695
9.9444191007, 8.15685184083
9.8689514321, 8.195625154255
9.9283746192, 8.25922107944
9.9356557277, 8.322207903389998
10.0627313161, 8.423106772675
10.0627313161, 8.596264496695
10.0324815564, 8.771024800405
10.1498287789, 9.028438867625002
10.1583989157, 9.291988015955003
9.556513574, 9.551571962795002
9.9356557277, 9.797808376125001
9.9356557277, 9.968676987230001
9.9356557277, 10.1290899922
10.0251895304, 10.24036155596
9.9356557277, 10.290939713585
10.0324815564, 10.2932361702
10.0251895304, 10.208671930490002
9.9356557277, 10.072951342005002
9.9444191007, 9.972335161755002
10.0251895304, 9.971541711185
9.9356557277, 9.971103542535001
10.0324815564, 9.979280048749999
9.1295074665, 9.939336691115
10.0324815564, 9.94417798255
10.0324815564, 9.942665494565002
9.9283746192, 9.935947659720002
10.0324815564, 9.935947659720002
10.0324815564, 9.930080298595003
9.4625380871, 9.895287257165004
9.9356557277, 9.914244364850003
9.9356557277, 9.914244364850003
9.9661784055, 9.915770498740002
9.4625380871, 9.892114616710003
10.0324815564, 9.892479218010003
9.9283746192, 9.892115162585004
10.4023359016, 9.910607879845003
9.9356557277, 9.90613118971
9.9283746192, 9.905767134285002
10.0251895304, 9.909805655770002
10.0251895304, 9.90980565577
9.556513574, 9.890848548085
9.556513574, 9.867050148965001
10.1426925695, 9.917709404115001
10.0324815564, 9.917709404115001
10.0251895304, 9.917344802815
10.0251895304, 9.922185548375001
10.0324815564, 9.922185548375001
10.0251895304, 9.921820947075
10.0324815564, 9.95031812054
10.0324815564, 9.955159411975
10.0251895304, 9.959636102109998
10.0324815564, 9.962951259655002
9.9283746192, 9.98624308626
9.9356557277, 9.981401794825
9.9444191007, 9.982204018900001
10.0251895304, 9.963346700340002
10.0251895304, 9.967823390475
9.9661784055, 9.969713579790005
10.4388658254, 9.990397394540004
10.0627313161, 9.992274483825003
9.9356557277, 10.011231591510002
10.0627313161, 10.036542478615
10.0324815564, 10.031031927960003
10.0324815564, 10.031031927960003
10.1498287789, 10.037263890385002
10.0251895304, 10.037263890385002
9.556513574, 10.013465491265
10.0324815564, 10.013830092565003
10.4023359016, 10.032322809825002
9.9283746192, 10.027117462965002
10.0627313161, 10.028994552250001
10.0251895304, 10.028629950950002
10.0251895304, 10.033470696510003
10.0251895304, 10.037947386645003
9.556513574, 10.018552110310003
10.0324815564, 10.018916711610002
10.0251895304, 10.01891671161
9.9356557277, 10.017390577720002
9.5639164054, 9.973643106720003
10.0627313161, 9.973643106720003
10.0410585418, 9.978913247425002
9.9356557277, 9.972559468005002
10.0251895304, 9.972194866705001
10.0251895304, 9.971830265405
9.9356557277, 9.961121612845002
10.1498287789, 9.967353575270002
10.0251895304, 9.990787373090004
9.9356557277, 9.985946081655001
10.0251895304, 9.967088763095003
9.6961669303, 9.955478378650003
10.0324815564, 9.953965890665003
9.9283746192, 9.949125145105002
9.6867110399, 9.932201220580001
10.0251895304, 9.932201220580001
10.0251895304, 9.955635018400002
10.0324815564, 9.955635018400002
10.0251895304, 9.955635018400002
10.0324815564, 9.960476309835002
10.0324815564, 9.983904567385002
9.556513574, 9.958593680280003
10.0324815564, 9.958164831010004
10.0324815564, 9.963006122445003
10.0251895304, 9.963006122445003
9.556513574, 9.939572324625
10.0251895304, 9.944049014760001
10.0324815564, 9.938181653635
10.0251895304, 9.938181653635002
10.0324815564, 9.943022945070002
9.4551368816, 9.914520312630001
10.0324815564, 9.931336043935001
10.0410585418, 9.931764893205003
10.0324815564, 9.936970240065001
10.1797089452, 9.961620135330001
10.0251895304, 9.961620135330003
9.5639164054, 9.938556479080003
10.0324815564, 9.938556479080003
10.2870744189, 9.951650723505
10.280029141, 9.964028102735004
10.280029141, 9.976405481965003
9.368509018, 9.967005254165002
8.4756823926, 9.889165295975001
7.4056756187, 9.757824999090001
7.4056756187, 9.626849303505
6.7812026677, 9.488083758190001
7.7193661255, 9.372792587945002
8.3020692872, 9.286271974485
8.3222349174, 9.201124243835
8.3020692872, 9.114603630375
7.8481948561, 9.0342565291
7.3976716999, 8.902516036275
6.5100044255, 8.72596333046
8.023510516, 8.625514778440001
8.0310594724, 8.5180823048
8.4682209052, 8.44023387354
8.865428358, 8.405309471170002
8.6564561155, 8.336508199125001
8.9056940572, 8.26743918104
9.9755979891, 8.252217623444999
9.7675642578, 8.226594379285
9.5513953248, 8.235738694625
9.9454804379, 8.30922859689
9.3777282206, 8.407831226985
10.4066192877, 8.557878410435
9.6017965694, 8.69890810552
9.3394886204, 8.779914230265
9.6084011365, 8.84523082273
9.6390559911, 8.911071876414999
9.2490534764, 8.958421085874999
9.1355286317, 9.022787774654999
9.2107765286, 9.113443016089999
9.4399388033, 9.25993973498
10.812895866, 9.39940900248
10.4877429154, 9.522243174630002
10.4599958059, 9.621831919665
9.4718009111, 9.65215054732
9.561735468, 9.697414514945
9.8412601109, 9.744192817630001
11.1262828065, 9.801727058500001
10.5132440802, 9.839011049620002
11.577613565, 9.940321961630001
12.4761661106, 10.066856245265
12.181247322, 10.207032200335
10.4877429154, 10.211088381720002
10.812895866, 10.27164334655
13.4976318267, 10.479550506865
13.8177089251, 10.690015896295
12.156573465, 10.81589176999
11.9176152602, 10.94931985918
12.542199876, 11.119653421395
13.8396702883, 11.35109810938
13.2093864331, 11.53957049087
12.5411671745, 11.625984056295
13.2073472196, 11.761964271504999
14.5126564849, 11.964597305454998
13.5137872027, 12.166696620034998
12.5366449344, 12.315442093355
11.8663831242, 12.416698244019999
13.5405131779, 12.537409762589999
13.1732170832, 12.670408412739999
13.1797790607, 12.750516687524998
12.8119910432, 12.767307934155
12.470214845, 12.781756310305001
11.7985143238, 12.847294880725002
11.1228218875, 12.8627911818
11.4846098036, 12.762140080645
10.7959320876, 12.61105123877
11.1322602849, 12.559835579765
11.1322602849, 12.520567831000001
10.2264944502, 12.404782559710002
10.2264944502, 12.224123767805
9.1756318954, 12.022436040919999
9.8193223901, 11.886343801699999
9.6017965694, 11.70606626919
9.3394886204, 11.447407875965
9.7556207229, 11.259499551975
10.3688802332, 11.151111316915001
9.5132844071, 11.03345638106
8.6870824844, 10.790784846384998
8.9371885893, 10.578983421689998
8.2290344762, 10.331446192464998
7.7922365185, 10.080458466229997
7.6357093829, 9.838733193124998
8.0947853344, 9.653546743655
6.9793502455, 9.446373161554998
6.1042883713, 9.17735708994
4.9453656144, 8.884828766279998
4.6157184533, 8.5590016747
4.5847430124, 8.231625811074998
3.8434982451, 7.91247600082
4.438835817, 7.623093069160001
4.8213516704, 7.405379057910001
5.6468694841, 7.19675641261
7.659028582, 7.09961801324
8.4881154263, 7.057049353535
11.6900902392, 7.153772829349999
13.0559711956, 7.28812737747
12.3994685184, 7.432436583035002
10.5822283268, 7.527193875155001
10.0324815564, 7.581958523510001
9.9444191007, 7.667727754735
9.4722268575, 7.751727271684999
9.4551368816, 7.842698646619999
10.0324815564, 7.9395834577199995
10.2321841173, 8.102225151309998
10.2321841173, 8.308619938609999
10.0627313161, 8.564488223694998
10.0324815564, 8.835326378849999
11.073714999, 9.15977497818
10.6075071515, 9.497975423499998
10.509932065, 9.8015302359
10.1498287789, 10.067954091324998
10.0324815564, 10.287234694939999
10.0251895304, 10.40554274236
9.556513574, 10.458962649745
9.4551368816, 10.347214981865
10.0251895304, 10.195675898605
10.0410585418, 10.077755399775
10.0251895304, 10.049903459955
9.6867110399, 10.03261493413
9.9356557277, 10.03217676548
10.0324815564, 10.060189500425
9.9356557277, 10.08421544273
9.5639164054, 10.060787185179999
10.0410585418, 10.051230906405
10.0251895304, 10.04088117706
10.0324815564, 10.039368689075
9.9283746192, 10.034163342214999
10.0324815564, 9.982101670085
10.0324815564, 9.95335039033
10.0251895304, 9.929113263600001
10.0251895304, 9.922881301175
10.5021824327, 9.94636634499
10.0251895304, 9.94636634499
9.9356557277, 9.965323452675001
10.0251895304, 9.993826085115002
10.1583989157, 10.00048655438
9.9283746192, 9.99485235825
10.1426925695, 10.000727510205
10.1498287789, 10.023883397155
10.0410585418, 10.02915353786
10.6075071515, 10.057904817615
9.9661784055, 10.059430951505
9.5954027435, 10.061005268410002
10.0324815564, 10.060576419140002
10.0251895304, 10.060576419140002
9.9283746192, 10.055371072280002
9.9283746192, 10.055371072280003
10.5021824327, 10.078856116095004
10.4095073337, 10.097707404960003
10.0324815564, 10.09807200626
9.9444191007, 10.094033484775002
10.1498287789, 10.076415802085
10.0251895304, 10.076415802084998
9.5639164054, 10.057828835969998
9.5639164054, 10.034765179719997
10.0251895304, 10.028104710454997
9.9283746192, 10.028104710455
9.9356557277, 10.017752868364997
9.9356557277, 10.007044215805
9.9356557277, 10.001774075099998
10.0324815564, 9.973022795344999
9.9356557277, 9.971496661454998
10.0324815564, 9.993350602099998
9.9661784055, 9.990035444554998
10.0324815564, 9.990400045855
9.4625380871, 9.96710821925
9.4625380871, 9.943816392645001
9.9356557277, 9.915490057395
9.9356557277, 9.891797477095
9.9356557277, 9.88695618566
9.9283746192, 9.886153961585002
9.9283746192, 9.875081253600001
9.9444191007, 9.871042732115002
10.4095073337, 9.913322278530002
10.509932065, 9.960623061510002
9.9444191007, 9.956584540025
9.9444191007, 9.9573867641
9.9283746192, 9.957022708675002
9.4722268575, 9.933851265165
9.9283746192, 9.933487209739999
9.9356557277, 9.928645918305001
9.9356557277, 9.928645918305001
10.0324815564, 9.928645918305003
10.0324815564, 9.931961075850003
9.9356557277, 9.927119784415002
9.9661784055, 9.952301800335
9.9356557277, 9.975957682365001
10.0251895304, 9.9804343725
9.9444191007, 9.980872541149997
9.9356557277, 9.980872541149997
9.9444191007, 9.981674765225
10.0251895304, 9.986515510784999
9.5734007422, 9.967964592859996
10.0251895304, 9.948748702695
10.0324815564, 9.924876177265
9.9283746192, 9.92407395319
10.0324815564, 9.928477075975
10.5313023777, 9.958623463900002
9.9356557277, 9.98179490741
9.9356557277, 9.982158962835003
10.0251895304, 9.986635652970001
10.0251895304, 9.991112343105002
9.9356557277, 9.98627105167
9.4551368816, 9.957403817930002
10.0324815564, 9.962245109365002
10.0251895304, 9.965195665610002
10.0324815564, 9.970036957045002
10.1426925695, 9.975912109000003
10.4434945655, 10.000865882240001
9.386003429, 9.973383267305
9.1141830621, 9.931871465375
8.023510516, 9.831787514655
6.9765726141, 9.70194610825
6.3283458068, 9.517103922070001
6.3368213357, 9.332320911035001
7.8102869153, 9.226416525840001
7.4586801473, 9.097726455385002
7.4447138427, 8.943397028635003
6.5372754822, 8.773478016360002
6.5372754822, 8.603559004085001
7.8698231778, 8.495790686455
8.4881154263, 8.418936981250003
9.0959504446, 8.376951717095
8.9240925752, 8.350399501775
8.9645691503, 8.297003881470001
8.9056940572, 8.241029107809998
9.1004487768, 8.19442746883
9.2952924914, 8.152057464924999
9.9386441983, 8.126814946565
10.1713019825, 8.166079874240001
9.5513953248, 8.187940487374998
9.7556207229, 8.274545997719999
10.4223722295, 8.446835978489997
10.01735336, 8.631286356149996
9.8857991933, 8.808735249029997
9.8857991933, 8.912510862929995
10.5090409391, 9.065028902519996
10.8238405088, 9.233985235825
10.5090409391, 9.43257350867
10.7965335326, 9.64553641119
10.7965335326, 9.791871928930002
10.7965335326, 9.907292834245002
10.8911308035, 9.997051852190003
9.2678620409, 10.014240325475004
9.323008863, 10.032162311110003
9.8910367788, 10.081429447190002
10.2990726592, 10.141360641310003
12.3550464451, 10.294348338995
11.0318945336, 10.34901085576
9.5619299893, 10.318542256099999
10.4599958059, 10.363972280154998
12.5000026276, 10.501191375389999
12.322707119, 10.596208119864999
10.960051285, 10.643343016114999
11.9808246669, 10.748094289795
11.8217050534, 10.8448895828
11.8732237413, 10.913098722910002
12.8701138534, 11.01541239014
13.2073472196, 11.150327704165
13.2691897601, 11.27396051554
12.542199876, 11.36124383271
12.8701138534, 11.464922848750003
13.5969295828, 11.600212787715002
13.2651772796, 11.80007854965
13.2073472196, 11.994295467479997
12.2244298583, 12.110965121455
12.262159442, 12.209119460595
12.6026434917, 12.221499312925
12.6026434917, 12.30003676083
12.542199876, 12.449050255164998
12.2183337526, 12.536967152499999
12.1569841038, 12.519816226309999
11.4846098036, 12.477911360539998
10.7857711477, 12.469197353674998
10.5373429122, 12.397023265940001
11.1580811437, 12.363842070455
10.5132440802, 12.295843087400002
10.4491766724, 12.17479622835
10.1465819747, 12.021757966105001
10.1229504854, 11.864446002370002
9.8081366452, 11.72774284083
10.2059085524, 11.594532575780002
10.1769524839, 11.423533720835001
9.6084011365, 11.24069491368
10.2741017559, 11.094032640495001
9.6934773105, 10.967485013105001
9.3394886204, 10.821351472024999
9.3394886204, 10.658193728459999
9.346221047, 10.495372606224999
9.3394886204, 10.335237043444998
8.9371885893, 10.17117978528
8.5430435191, 9.990482756045
7.6201316222, 9.797258846975
7.6357093829, 9.639755758735
6.8062239884, 9.453199812545
6.5372754822, 9.222159529470002
5.8887092516, 8.990932788040002
6.3283458068, 8.78489124476
6.1042883713, 8.582776564590002
5.0661654543, 8.329937313035
5.2901270316, 8.104036832355
6.5619895337, 7.9218408814200005
7.1961079904, 7.772798656745001
8.4756823926, 7.7161627195500015
8.6638519199, 7.63565022775
9.8230596013, 7.642129342290002
10.9036623425, 7.720338028395001
12.1347351158, 7.860100353165002
12.3465510553, 8.010116853580001
11.669475759, 8.12661621051
10.0324815564, 8.181380858865001
9.4551368816, 8.22698552699
8.5113340576, 8.271545648759998
9.6867110399, 8.37409573161
10.0627313161, 8.536921097995
10.0251895304, 8.711316800405
10.9658746049, 8.96517506807
10.1583989157, 9.156677723515
10.1498287789, 9.358954743895001
10.1426925695, 9.612781099655
10.1498287789, 9.85576618702
10.1498287789, 10.03515814928
10.0324815564, 10.17697682758
10.1426925695, 10.260327336425002
10.0251895304, 10.32839421695
10.0251895304, 10.338500713405
10.0251895304, 10.2945770728
10.0324815564, 10.18946439483
9.4625380871, 10.045263746420002
10.0251895304, 9.963049434990001
10.0324815564, 9.963049434990001
10.0324815564, 9.991916668730001
9.9356557277, 10.063132752235001
10.0324815564, 10.080421278060001
9.4551368816, 10.050041556335
10.0251895304, 10.050041556335
9.9283746192, 9.99816655705
9.5639164054, 9.968442431535003
10.0324815564, 9.962575070410002
9.9356557277, 9.952223228320003
10.0324815564, 9.946355867195003
9.9283746192, 9.935283159210002
9.9356557277, 9.930441867775002
10.0324815564, 9.924931317120002
9.5639164054, 9.901867660870002
10.0324815564, 9.902232262170001
10.0324815564, 9.90259686347
9.9356557277, 9.897755572035
9.9356557277, 9.921411454065002
10.0324815564, 9.921776055365001
9.9356557277, 9.916934763930001
10.0324815564, 9.916934763930001
10.0627313161, 9.92328854335
10.1498287789, 9.929155904475001
9.9661784055, 9.954707980670001
10.0251895304, 9.95470798067
10.0251895304, 9.95954872623
9.6794986079, 9.965327836354998
10.1498287789, 9.97119519748
9.2181136818, 9.935318095185
10.1426925695, 9.94082864584
10.1426925695, 9.951544543355002
9.5639164054, 9.93295757724
10.1498287789, 9.938824938365002
10.1498287789, 9.96812055704
10.1426925695, 9.973631107695002
10.1426925695, 9.979141658350002
10.1426925695, 9.989493500440002
10.1498287789, 10.000202153000002
10.0251895304, 9.9998375517
10.0324815564, 10.004678843135
10.1498287789, 10.01054620426
10.0251895304, 10.008669114975001
10.1498287789, 10.008669114975001
10.0324815564, 10.011984272520001
9.9283746192, 10.00714352696
10.0324815564, 10.00750812826
10.0324815564, 10.025157275685
10.0324815564, 10.019289914560002
10.0324815564, 10.060008308290003
10.0251895304, 10.054133156335002
9.5639164054, 10.02519434813
10.0251895304, 10.048258004380003
9.556513574, 10.018592244135004
9.5639164054, 9.989296625460003
10.0324815564, 9.983786074805002
9.6961669303, 9.961459792845002
10.1797089452, 9.963310611630002
10.280029141, 9.969820629735
9.9865524241, 9.96788877442
9.9935428898, 9.965941841090002
9.2181136818, 9.919356086235002
8.4881154263, 9.84250238103
7.1481668979, 9.692419286980002
6.5182835056, 9.51670938444
6.3368213357, 9.337131720265003
7.4447138427, 9.207743334580002
8.4078409006, 9.12651130179
8.2244541217, 9.036109930055002
7.9591619238, 8.932443948425
8.4682209052, 8.854595517165
7.8481948561, 8.768809439700002
8.4682209052, 8.69096100844
8.3020692872, 8.628238794099998
8.6638519199, 8.58